condition,Cz_mean,Cz_median,Cz_max,Cz_min,Cz_ptp,Cz_std,Cz_skew,Cz_auc,Cz_kurtosis,Pz_mean,Pz_median,Pz_max,Pz_min,Pz_ptp,Pz_std,Pz_skew,Pz_auc,Pz_kurtosis,P7_mean,P7_median,P7_max,P7_min,P7_ptp,P7_std,P7_skew,P7_auc,P7_kurtosis,P8_mean,P8_median,P8_max,P8_min,P8_ptp,P8_std,P8_skew,P8_auc,P8_kurtosis,O1_mean,O1_median,O1_max,O1_min,O1_ptp,O1_std,O1_skew,O1_auc,O1_kurtosis,O2_mean,O2_median,O2_max,O2_min,O2_ptp,O2_std,O2_skew,O2_auc,O2_kurtosis,N250avg_mean,N250avg_median,N250avg_max,N250avg_min,N250avg_ptp,N250avg_std,N250avg_skew,N250avg_auc,N250avg_kurtosis,P300avg_mean,P300avg_median,P300avg_max,P300avg_min,P300avg_ptp,P300avg_std,P300avg_skew,P300avg_auc,P300avg_kurtosis
Fam,-169.6115597,-141.9267429,22.4226989,-402.4266785,424.8493774,116.3603329,-0.579184219,-17.51187934,2.57745988,-169.6115597,-141.9267429,22.4226989,-402.4266785,424.8493774,116.3603329,-0.579184219,-17.51187934,2.57745988,7.816040601,8.709719403,200.9004192,-334.607924,535.5083432,157.5104932,-0.374790427,1.172279134,2.012820142,7.77892081,8.668355369,199.9463068,-333.0188104,532.9651172,156.7624474,-0.374790427,1.166711769,2.012820142,7.802358775,8.694473209,200.548747,-334.0221994,534.5709463,157.2347742,-0.374790427,1.170227083,2.012820142,7.828783225,8.723919006,201.2279506,-335.153441,536.3813916,157.7672853,-0.374790427,1.174190321,2.012820142,7.806525853,8.699116747,200.6558559,-334.2005937,534.8564496,157.31875,-0.374790427,1.170852077,2.012820142,-169.6115597,-141.9267429,22.4226989,-402.4266785,424.8493774,116.3603329,-0.579184219,-17.51187934,2.57745988
Fam,-148.3774294,-131.0208067,-29.02945408,-297.6295754,268.6001213,90.0919909,-0.201306016,-15.07164026,1.399293136,-148.3774294,-131.0208067,-29.02945408,-297.6295754,268.6001213,90.0919909,-0.201306016,-15.07164026,1.399293136,-76.72956667,-55.34019781,60.02887749,-283.3843801,343.4132576,103.4661344,-0.704822095,-7.279900085,2.525866527,-76.36516407,-55.07737719,59.74378949,-282.0385364,341.7823259,102.974755,-0.704822095,-7.245326522,2.525866527,-76.59525306,-55.24332587,59.92379811,-282.8883213,342.8121194,103.285019,-0.704822095,-7.267156762,2.525866527,-76.85466018,-55.43041987,60.12674359,-283.8463865,343.9731301,103.634817,-0.704822095,-7.29176863,2.525866527,-76.63616099,-55.27283018,59.95580217,-283.0394061,342.9952083,103.3401814,-0.704822095,-7.271038,2.525866527,-148.3774294,-131.0208067,-29.02945408,-297.6295754,268.6001213,90.0919909,-0.201306016,-15.07164026,1.399293136
Unf,-231.7273071,-201.2843185,-141.7643386,-391.5272491,249.7629105,73.31265065,-1.071007672,-23.21025842,3.004855334,-231.7273071,-201.2843185,-141.7643386,-391.5272491,249.7629105,73.31265065,-1.071007672,-23.21025842,3.004855334,-171.6510192,-162.6177547,-94.07930038,-293.6032131,199.5239128,50.48535295,-1.002878153,-16.9107791,3.857964134,-170.8358175,-161.8454536,-93.63250075,-292.2088383,198.5763376,50.24558887,-1.002878153,-16.83046675,3.857964134,-171.3505475,-162.3330955,-93.9146164,-293.0892665,199.1746501,50.39697933,-1.002878153,-16.88117711,3.857964134,-171.9308648,-162.8828732,-94.23267946,-294.0818795,199.8492,50.56766008,-1.002878153,-16.93834903,3.857964134,-171.4420623,-162.4197943,-93.96477425,-293.2457994,199.2810251,50.42389531,-1.002878153,-16.890193,3.857964134,-231.7273071,-201.2843185,-141.7643386,-391.5272491,249.7629105,73.31265065,-1.071007672,-23.21025842,3.004855334
Fam,-114.7973541,-88.85986785,-35.30698206,-253.5555782,218.2485962,70.20617193,-0.584854224,-11.34484491,1.858658193,-114.7973541,-88.85986785,-35.30698206,-253.5555782,218.2485962,70.20617193,-0.584854224,-11.34484491,1.858658193,-179.7870641,-185.8916677,-63.36606171,-292.7757976,229.4097359,61.43761075,0.039922462,-18.43563247,2.482033583,-178.9332228,-185.0088346,-63.06512481,-291.3853524,228.3202276,61.14583242,0.039922462,-18.34807832,2.482033583,-179.4723503,-185.566268,-63.25514065,-292.2632993,229.0081586,61.33006541,0.039922462,-18.40336126,2.482033583,-180.080174,-186.1947301,-63.46936848,-293.253115,229.7837465,61.53777353,0.039922462,-18.4656884,2.482033583,-179.5682028,-185.6653751,-63.28892391,-292.4193911,229.1304672,61.36282053,0.039922462,-18.41319011,2.482033583,-114.7973541,-88.85986785,-35.30698206,-253.5555782,218.2485962,70.20617193,-0.584854224,-11.34484491,1.858658193
Fam,-19.34077729,-5.420595318,73.56411976,-142.9589602,216.5230799,63.34145603,-0.303881846,-1.98469159,2.017145932,-19.34077729,-5.420595318,73.56411976,-142.9589602,216.5230799,63.34145603,-0.303881846,-1.98469159,2.017145932,-16.61875005,-14.61325285,80.8478607,-136.1166351,216.9644958,53.65766878,-0.319714181,-1.617812456,2.628540486,-16.53982459,-14.54385186,80.46389957,-135.4701926,215.9340922,53.4028388,-0.319714181,-1.610129172,2.628540486,-16.58965925,-14.58767263,80.70633809,-135.8783656,216.5847037,53.56374208,-0.319714181,-1.614980507,2.628540486,-16.64584388,-14.63707708,80.97966834,-136.3385484,217.3182167,53.74514779,-0.319714181,-1.620450003,2.628540486,-16.59851944,-14.59546361,80.74944168,-135.9509354,216.7003771,53.59234936,-0.319714181,-1.615843034,2.628540486,-19.34077729,-5.420595318,73.56411976,-142.9589602,216.5230799,63.34145603,-0.303881846,-1.98469159,2.017145932
Unf,-76.97829203,-72.32738931,63.18670681,-204.1038445,267.2905513,70.28642241,0.058998543,-7.560857842,2.739035888,-76.97829203,-72.32738931,63.18670681,-204.1038445,267.2905513,70.28642241,0.058998543,-7.560857842,2.739035888,-67.32882071,-62.24959187,133.6975135,-268.2011524,401.8986658,108.1565468,-0.152218959,-7.366322074,2.553247319,-67.00906395,-61.95395729,133.0625598,-266.9274166,399.9899763,107.6428918,-0.152218959,-7.331338077,2.553247319,-67.21096292,-62.14062517,133.4634786,-267.7316715,401.1951501,107.9672209,-0.152218959,-7.353427471,2.553247319,-67.43858803,-62.35107844,133.9154828,-268.6384053,402.5538881,108.3328763,-0.152218959,-7.378331514,2.553247319,-67.2468589,-62.17381319,133.5347586,-267.8746614,401.4094201,108.024884,-0.152218959,-7.357354784,2.553247319,-76.97829203,-72.32738931,63.18670681,-204.1038445,267.2905513,70.28642241,0.058998543,-7.560857842,2.739035888
Fam,65.2815666,77.68886106,116.8588401,7.676849191,109.1819909,34.32761784,-0.233361637,6.579005065,1.656666032,65.2815666,77.68886106,116.8588401,7.676849191,109.1819909,34.32761784,-0.233361637,6.579005065,1.656666032,72.13999219,64.56364576,197.1892283,-8.202807639,205.392036,60.08883244,0.479357471,6.996339437,2.04789318,71.79738631,64.25702132,196.252741,-8.163851021,204.416592,59.8034597,0.479357471,6.963112555,2.04789318,72.01371254,64.45062836,196.8440524,-8.188448785,205.0325012,59.98364811,0.479357471,6.984092482,2.04789318,72.25760324,64.66890497,197.5107093,-8.216180816,205.7268901,60.18679628,0.479357471,7.007745688,2.04789318,72.05217357,64.4850501,196.9491828,-8.192822065,205.1420048,60.01568413,0.479357471,6.98782254,2.04789318,65.2815666,77.68886106,116.8588401,7.676849191,109.1819909,34.32761784,-0.233361637,6.579005065,1.656666032
Unf,-79.67232662,-89.41243457,392.6835793,-411.2487653,803.9323446,179.5671362,0.53002845,-8.828424284,4.24860824,40.46547432,45.41246289,208.8727298,-199.4434953,408.3162251,91.20192225,-0.53002845,4.483945572,4.24860824,-6.788643817,-15.58965098,198.8756292,-192.8526823,391.7283115,112.2443006,0.137447579,-0.427169422,2.217492672,-6.756403318,-15.5156129,197.9311328,-191.93679,389.8679229,111.7112321,0.137447579,-0.425140718,2.217492672,-6.776760428,-15.5623616,198.5275013,-192.5150975,391.0425987,112.0478192,0.137447579,-0.426421671,2.217492672,-6.799711458,-15.61506705,199.1998595,-193.1670933,392.3669528,112.4272944,0.137447579,-0.427865844,2.217492672,-6.780379755,-15.57067313,198.6335307,-192.6179158,391.2514465,112.1076616,0.137447579,-0.426649414,2.217492672,-19.60342615,-21.99998584,300.7781546,-305.3461303,606.1242848,135.3845292,-2.22E-16,-2.172239356,4.24860824
Fam,-22.88050004,-18.24073596,81.06480881,-102.0347744,183.0995832,46.2980788,0.028426045,-2.57345015,2.867106972,-22.88050004,-18.24073596,81.06480881,-102.0347744,183.0995832,46.2980788,0.028426045,-2.57345015,2.867106972,-12.1526088,-9.967631926,143.1108808,-161.0251875,304.1360683,69.29376001,-0.041502354,-1.198863802,3.985170734,-12.09489386,-9.920293838,142.4312213,-160.2604498,302.6916711,68.9646714,-0.041502354,-1.193170181,3.985170734,-12.1313359,-9.950183781,142.860368,-160.7433161,303.6036841,69.17246264,-0.041502354,-1.196765214,3.985170734,-12.17242141,-9.983882326,143.3441969,-161.2877096,304.6319065,69.40673081,-0.041502354,-1.20081833,3.985170734,-12.13781499,-9.955497968,142.9366667,-160.8291658,303.7658325,69.20940622,-0.041502354,-1.197404382,3.985170734,-22.88050004,-18.24073596,81.06480881,-102.0347744,183.0995832,46.2980788,0.028426045,-2.57345015,2.867106972
Unf,33.76112341,15.35786409,203.3733052,-61.53744347,264.9107487,71.20184226,0.798565,3.121669428,2.976608717,33.76112341,15.35786409,203.3733052,-61.53744347,264.9107487,71.20184226,0.798565,3.121669428,2.976608717,-48.82566078,-51.7507375,81.40820347,-204.2549623,285.6631658,60.14570788,-0.426432276,-4.832175204,3.978992604,-48.59377888,-51.50496388,81.02158117,-203.2849186,284.3064997,59.86006502,-0.426432276,-4.809226329,3.978992604,-48.74019242,-51.66014884,81.2657,-203.897418,285.163118,60.04042399,-0.426432276,-4.823716575,3.978992604,-48.90526209,-51.83510761,81.54092465,-204.5879627,286.1288873,60.24376445,-0.426432276,-4.840053181,3.978992604,-48.76622354,-51.68773946,81.30910232,-204.0063154,285.3154177,60.07249033,-0.426432276,-4.826292822,3.978992604,33.76112341,15.35786409,203.3733052,-61.53744347,264.9107487,71.20184226,0.798565,3.121669428,2.976608717
Unf,186.257498,171.932791,313.5216058,67.28696994,246.2346359,72.39386096,0.265953794,18.91244298,2.10073859,186.257498,171.932791,313.5216058,67.28696994,246.2346359,72.39386096,0.265953794,18.91244298,2.10073859,121.4881069,128.3939664,186.9055517,62.12518349,124.7803682,39.09720899,0.043990654,12.11655911,1.654121846,120.9111379,127.7842002,186.0179034,61.83013975,124.1877636,38.91152926,0.043990654,12.05901538,1.654121846,121.2754444,128.1692152,186.5783771,62.01643457,124.5619426,39.02877009,0.043990654,12.09534931,1.654121846,121.6861711,128.6032892,187.210267,62.22646724,124.9837997,39.16094983,0.043990654,12.13631295,1.654121846,121.3402151,128.2376677,186.6780248,62.04955626,124.6284685,39.04961454,0.043990654,12.10180919,1.654121846,186.257498,171.932791,313.5216058,67.28696994,246.2346359,72.39386096,0.265953794,18.91244298,2.10073859
Fam,453.2104276,452.8139793,716.6265554,167.3078089,549.3187465,142.1646037,-0.162920385,45.48785285,3.016782068,-230.1850052,-229.9836497,-84.97542539,-363.9737248,278.9982994,72.20522314,0.162920385,-23.10322316,3.016782068,-170.8418312,-203.7438878,-46.33400735,-271.9387477,225.6047404,66.07740336,0.648462255,-16.89358525,2.095109634,-170.0304724,-202.7762712,-46.11395876,-270.6472614,224.5333026,65.76358982,0.648462255,-16.81335456,2.095109634,-170.5427759,-203.3872381,-46.25290058,-271.4627243,225.2098237,65.96173616,0.648462255,-16.86401336,2.095109634,-171.1203575,-204.0760549,-46.40954647,-272.3820941,225.9725476,66.18513048,0.648462255,-16.92112715,2.095109634,-170.6338592,-203.495863,-46.27760329,-271.6077069,225.3301036,65.99696495,0.648462255,-16.87302008,2.095109634,111.5127112,111.4151648,315.825565,-98.33295792,414.1585229,107.1849134,2.08E-16,11.19231484,3.016782068
Unf,5.701062881,-25.13384242,238.9078889,-215.6843076,454.5921964,144.5938155,0.273061895,0.671745513,1.76133925,5.701062881,-25.13384242,238.9078889,-215.6843076,454.5921964,144.5938155,0.273061895,0.671745513,1.76133925,67.7740301,68.76639075,227.4732406,-179.3041855,406.7774261,101.3062598,-0.374911899,7.442296863,3.122519526,67.45215896,68.43980672,226.392929,-178.4526374,404.8455664,100.8251381,-0.374911899,7.406952048,3.122519526,67.65539298,68.64601653,227.0750531,-178.990317,406.0653701,101.1289252,-0.374911899,7.429269268,3.122519526,67.88452325,68.87850177,227.8440941,-179.5965081,407.4406022,101.4714211,-0.374911899,7.454430166,3.122519526,67.69152632,68.68267894,227.1963292,-179.085912,406.2822412,101.1829361,-0.374911899,7.433237086,3.122519526,5.701062881,-25.13384242,238.9078889,-215.6843076,454.5921964,144.5938155,0.273061895,0.671745513,1.76133925
Unf,-96.04043882,-70.28653311,39.64597325,-315.6190264,355.2649996,115.0638206,-0.598210819,-9.077229131,2.093487,-96.04043882,-70.28653311,39.64597325,-315.6190264,355.2649996,115.0638206,-0.598210819,-9.077229131,2.093487,-131.2911254,-129.7100515,37.74843122,-325.1990067,362.9474379,135.1781748,-0.015672676,-13.00130572,1.091211902,-130.6676001,-129.0940349,37.56915709,-323.6545777,361.2237348,134.5361892,-0.015672676,-12.93956016,1.091211902,-131.0613029,-129.4829965,37.68235333,-324.6297522,362.3121055,134.9415481,-0.015672676,-12.97854718,1.091211902,-131.5051716,-129.92152,37.80997313,-325.7291842,363.5391573,135.3985581,-0.015672676,-13.02250197,1.091211902,-131.1313,-129.5521507,37.70247869,-324.8031302,362.5056089,135.0136176,-0.015672676,-12.98547876,1.091211902,-96.04043882,-70.28653311,39.64597325,-315.6190264,355.2649996,115.0638206,-0.598210819,-9.077229131,2.093487
Fam,-1.050145361,-1.657725526,134.3163042,-198.4713152,332.7876194,78.48052601,-0.536878372,0.019094904,3.526176454,-1.050145361,-1.657725526,134.3163042,-198.4713152,332.7876194,78.48052601,-0.536878372,0.019094904,3.526176454,85.01177057,94.14169366,177.9748343,-37.17670359,215.1515379,59.64643267,-0.416171306,8.789249921,2.22471488,84.60803428,93.69459772,177.1295996,-37.0001447,214.1297443,59.36316096,-0.416171306,8.747508183,2.22471488,84.86295912,93.97690046,177.6632928,-37.1116265,214.7749193,59.54202275,-0.416171306,8.773864511,2.22471488,85.1503667,94.29517446,178.2649897,-37.23731341,215.5023031,59.74367526,-0.416171306,8.803579185,2.22471488,84.90828267,94.02709158,177.7581791,-37.13144705,214.8896261,59.57382291,-0.416171306,8.77855045,2.22471488,-1.050145361,-1.657725526,134.3163042,-198.4713152,332.7876194,78.48052601,-0.536878372,0.019094904,3.526176454
Unf,-200.0307971,-190.7664517,49.19935716,-361.6153796,410.8147368,105.0559293,0.299054023,-20.5502319,2.619855058,-200.0307971,-190.7664517,49.19935716,-361.6153796,410.8147368,105.0559293,0.299054023,-20.5502319,2.619855058,-186.218193,-165.2387571,-70.2214633,-344.3076854,274.0862221,64.99129342,-1.148424754,-18.86676774,4.03145792,-185.3338091,-164.4540084,-69.88796886,-342.6725059,272.784537,64.68263801,-1.148424754,-18.77716604,4.03145792,-185.8922217,-164.9495099,-70.09854199,-343.7049815,273.6064395,64.87752743,-1.148424754,-18.83374183,4.03145792,-186.5217877,-165.5081487,-70.33594654,-344.8690161,274.5330695,65.09724984,-1.148424754,-18.89752655,4.03145792,-185.9915029,-165.037606,-70.13598017,-343.8885472,273.7525671,64.91217718,-1.148424754,-18.84380054,4.03145792,-200.0307971,-190.7664517,49.19935716,-361.6153796,410.8147368,105.0559293,0.299054023,-20.5502319,2.619855058
Fam,17.47651448,32.15987404,156.8712939,-134.0180823,290.8893762,64.27532038,-0.752953119,1.771849492,4.387600606,17.47651448,32.15987404,156.8712939,-134.0180823,290.8893762,64.27532038,-0.752953119,1.771849492,4.387600606,-31.48423268,-30.21582866,46.82362754,-127.603687,174.4273146,45.24116618,-0.517658166,-3.25205629,2.928293039,-31.33470836,-30.07232822,46.60125365,-126.997674,173.5989277,45.02630769,-0.517658166,-3.236611686,2.928293039,-31.42912014,-30.16293644,46.74166369,-127.3803193,174.121983,45.1619724,-0.517658166,-3.246363629,2.928293039,-31.53556196,-30.26509003,46.89996489,-127.8117215,174.7116864,45.31492362,-0.517658166,-3.257358173,2.928293039,-31.44590578,-30.17904584,46.76662744,-127.4483505,174.2149779,45.18609248,-0.517658166,-3.248097445,2.928293039,17.47651448,32.15987404,156.8712939,-134.0180823,290.8893762,64.27532038,-0.752953119,1.771849492,4.387600606
Unf,-114.138454,-115.7655997,-15.87622117,-175.3365662,159.4603451,35.074635,0.708726447,-11.56243999,4.016994501,-114.138454,-115.7655997,-15.87622117,-175.3365662,159.4603451,35.074635,0.708726447,-11.56243999,4.016994501,-130.5138145,-122.5827672,-88.7719582,-205.4846325,116.7126743,30.59734902,-1.156840527,-13.01900184,3.638012073,-129.8939808,-122.0005995,-88.3503641,-204.5087488,116.1583847,30.45203667,-1.156840527,-12.95717224,3.638012073,-130.2853526,-122.3681885,-88.61656462,-205.1249357,116.508371,30.54378896,-1.156840527,-12.99621233,3.638012073,-130.7265934,-122.782616,-88.91668463,-205.8196376,116.902953,30.6472324,-1.156840527,-13.04022694,3.638012073,-130.3549353,-122.4335428,-88.66389289,-205.2344886,116.5705957,30.56010176,-1.156840527,-13.00315334,3.638012073,-114.138454,-115.7655997,-15.87622117,-175.3365662,159.4603451,35.074635,0.708726447,-11.56243999,4.016994501
Unf,-198.8200854,-180.7077857,36.65255641,-504.0912015,540.7437579,157.7144604,-0.452499398,-19.95811266,2.438141005,-198.8200854,-180.7077857,36.65255641,-504.0912015,540.7437579,157.7144604,-0.452499398,-19.95811266,2.438141005,-240.4598504,-228.9990047,-74.06354527,-479.9643063,405.900761,112.5887748,-0.742796872,-24.40259078,2.970444227,-239.317863,-227.911447,-73.71180409,-477.6848689,403.9730648,112.0540704,-0.742796872,-24.28669846,2.970444227,-240.0389301,-228.5981464,-73.93389848,-479.1241382,405.1902397,112.3916904,-0.742796872,-24.35987452,2.970444227,-240.8518762,-229.3723457,-74.18429233,-480.7468003,406.5625079,112.7723302,-0.742796872,-24.44237474,2.970444227,-240.1671299,-228.720236,-73.97338504,-479.3800284,405.4066434,112.4517165,-0.742796872,-24.37288462,2.970444227,-198.8200854,-180.7077857,36.65255641,-504.0912015,540.7437579,157.7144604,-0.452499398,-19.95811266,2.438141005
Fam,-152.9429069,-161.2386905,-35.52360992,-232.4288185,196.9052086,55.8715799,0.430158274,-15.23093913,2.282368945,-152.9429069,-161.2386905,-35.52360992,-232.4288185,196.9052086,55.8715799,0.430158274,-15.23093913,2.282368945,-130.897484,-152.6746094,1.240813132,-226.3252229,227.566036,78.99279617,0.316147642,-13.22646796,1.473595839,-130.2758281,-151.9495301,1.234920285,-225.2503634,226.4852837,78.61764508,0.316147642,-13.16365307,1.473595839,-130.6683505,-152.4073555,1.238641112,-225.929045,227.1676861,78.85452082,0.316147642,-13.20331529,1.473595839,-131.1108884,-152.9235174,1.24283605,-226.6942047,227.9370408,79.12157947,0.316147642,-13.2480313,1.473595839,-130.7381377,-152.4887531,1.239302645,-226.049709,227.2890117,78.89663539,0.316147642,-13.21036691,1.473595839,-152.9429069,-161.2386905,-35.52360992,-232.4288185,196.9052086,55.8715799,0.430158274,-15.23093913,2.282368945
Fam,286.1996019,276.9690731,541.5253164,-65.64310439,607.1684208,180.4387275,-0.273683904,28.86496675,2.451706766,286.1996019,276.9690731,541.5253164,-65.64310439,607.1684208,180.4387275,-0.273683904,28.86496675,2.451706766,104.7541997,108.8888402,281.3290021,-73.72183062,355.0508327,121.5242816,-0.045012189,10.63066778,1.426772456,104.2567031,108.3717074,279.9929197,-73.3717123,353.364632,120.9471408,-0.045012189,10.58018081,1.426772456,104.5708295,108.6982325,280.8365412,-73.592782,354.4293232,121.3115557,-0.045012189,10.612059,1.426772456,104.9249823,109.0663636,281.7876576,-73.84202058,355.6296781,121.7224047,-0.045012189,10.64799914,1.426772456,104.6266786,108.7562859,280.9865301,-73.63208637,354.6186165,121.3763457,-0.045012189,10.61772668,1.426772456,286.1996019,276.9690731,541.5253164,-65.64310439,607.1684208,180.4387275,-0.273683904,28.86496675,2.451706766
Unf,-116.7051242,-179.0449519,171.7951742,-331.0510561,502.8462303,152.8187675,0.502162072,-12.11819242,1.886893689,-116.7051242,-179.0449519,171.7951742,-331.0510561,502.8462303,152.8187675,0.502162072,-12.11819242,1.886893689,-154.7949166,-179.6461962,119.6535717,-315.2062365,434.8598082,105.6304007,1.195521099,-16.23703508,4.566964292,-154.0597676,-178.7930238,119.0853152,-313.709265,432.7945803,105.1287429,1.195521099,-16.15992246,4.566964292,-154.5239512,-179.331729,119.4441205,-314.6544741,434.0985946,105.4454968,1.195521099,-16.20861247,4.566964292,-155.0472814,-179.9390764,119.848645,-315.7201226,435.5687676,105.8026118,1.195521099,-16.26350659,4.566964292,-154.6064792,-179.4275063,119.5079131,-314.8225246,434.3304377,105.501813,1.195521099,-16.21726915,4.566964292,-116.7051242,-179.0449519,171.7951742,-331.0510561,502.8462303,152.8187675,0.502162072,-12.11819242,1.886893689
Unf,22.58865837,20.36001052,112.0943868,-58.52357694,170.6179638,50.4790159,0.255406312,2.124377283,1.826065091,22.58865837,20.36001052,112.0943868,-58.52357694,170.6179638,50.4790159,0.255406312,2.124377283,1.826065091,6.965039393,3.385825759,106.729307,-83.39573592,190.1250429,49.36302958,0.241634635,0.537278881,2.609478581,6.931961161,3.36974586,106.2224302,-82.99967448,189.2221047,49.12859562,0.241634635,0.534727246,2.609478581,6.952847228,3.379898937,106.5424795,-83.24975331,189.7922328,49.27662056,0.241634635,0.536338385,2.609478581,6.976394616,3.391345728,106.9033096,-83.53169741,190.435007,49.44350697,0.241634635,0.538154816,2.609478581,6.956560599,3.381704071,106.5993816,-83.29421528,189.8935969,49.30293818,0.241634635,0.536624832,2.609478581,22.58865837,20.36001052,112.0943868,-58.52357694,170.6179638,50.4790159,0.255406312,2.124377283,1.826065091
Fam,-54.50616822,-68.82853952,286.5523815,-245.0790502,531.6314317,146.9146719,0.521522119,-6.166903536,2.370551331,-54.50616822,-68.82853952,286.5523815,-245.0790502,531.6314317,146.9146719,0.521522119,-6.166903536,2.370551331,81.58505572,96.63815365,323.0645133,-233.3490368,556.4135501,152.0125991,-0.509197974,7.980009358,2.800900122,81.19759352,96.17920157,321.5302215,-232.24082,553.7710414,151.2906637,-0.509197974,7.942110849,2.800900122,81.44224267,96.46899045,322.4989952,-232.9405639,555.439559,151.746504,-0.509197974,7.966040507,2.800900122,81.71806522,96.79570448,323.5912109,-233.7294697,557.3206806,152.2604278,-0.509197974,7.993019302,2.800900122,81.48573928,96.52051254,322.6712352,-233.0649726,555.7362078,151.8275487,-0.509197974,7.970295004,2.800900122,-54.50616822,-68.82853952,286.5523815,-245.0790502,531.6314317,146.9146719,0.521522119,-6.166903536,2.370551331
Fam,-28.86512821,-41.03833408,135.0812807,-113.2679025,248.3491832,68.54261259,0.918353594,-2.574394769,3.239487612,-28.86512821,-41.03833408,135.0812807,-113.2679025,248.3491832,68.54261259,0.918353594,-2.574394769,3.239487612,-26.30669363,-30.31097816,128.6159984,-123.9115967,252.5275952,68.09088678,0.634324098,-2.508367117,2.868455861,-26.18175838,-30.16702583,128.0051778,-123.3231181,251.3282959,67.76751083,0.634324098,-2.496454427,2.868455861,-26.26064427,-30.25791938,128.3908586,-123.6946919,252.0855505,67.97169501,0.634324098,-2.503976269,2.868455861,-26.34958188,-30.36039466,128.8256833,-124.1136119,252.9392952,68.20189651,0.634324098,-2.512456551,2.868455861,-26.27466954,-30.27407951,128.4594295,-123.7607547,252.2201842,68.00799728,0.634324098,-2.505313591,2.868455861,-28.86512821,-41.03833408,135.0812807,-113.2679025,248.3491832,68.54261259,0.918353594,-2.574394769,3.239487612
Fam,-40.26768176,-47.12493744,150.0031003,-213.66445,363.6675504,78.47748801,0.254601358,-4.060516204,4.654747069,-40.26768176,-47.12493744,150.0031003,-213.66445,363.6675504,78.47748801,0.254601358,-4.060516204,4.654747069,-107.1132508,-96.98041845,-37.0888444,-203.4380073,166.3491629,55.98062935,-0.215162665,-10.65398882,1.408069646,-106.6045506,-96.51984089,-36.91270277,-202.4718434,165.5591406,55.71476721,-0.215162665,-10.6033911,1.408069646,-106.9257512,-96.81065612,-37.0239211,-203.0818931,166.057972,55.88263636,-0.215162665,-10.63533922,1.408069646,-107.2878794,-97.13852727,-37.14931097,-203.7696758,166.6203648,56.07189553,-0.215162665,-10.6713582,1.408069646,-106.982858,-96.86236068,-37.04369481,-203.1903549,166.1466601,55.91248211,-0.215162665,-10.64101933,1.408069646,-40.26768176,-47.12493744,150.0031003,-213.66445,363.6675504,78.47748801,0.254601358,-4.060516204,4.654747069
Fam,-112.6429608,-119.1421823,58.29115114,-329.2758158,387.566967,100.9009526,-0.504136007,-10.80532733,3.095476615,-112.6429608,-119.1421823,58.29115114,-329.2758158,387.566967,100.9009526,-0.504136007,-10.80532733,3.095476615,-159.3780113,-149.17323,-10.41853926,-313.5159631,303.0974238,84.76412016,-0.260623276,-15.96245367,2.301833659,-158.6210963,-148.4647794,-10.36905973,-312.027019,301.6579593,84.36156001,-0.260623276,-15.88664509,2.301833659,-159.0990232,-148.9121052,-10.40030181,-312.9671595,302.5668577,84.61574222,-0.260623276,-15.93451171,2.301833659,-159.637848,-149.4164297,-10.43552478,-314.0270935,303.5915687,84.90231255,-0.260623276,-15.98847753,2.301833659,-159.1839947,-148.9916361,-10.40585639,-313.1343088,302.7284524,84.66093374,-0.260623276,-15.943022,2.301833659,-112.6429608,-119.1421823,58.29115114,-329.2758158,387.566967,100.9009526,-0.504136007,-10.80532733,3.095476615
Unf,-201.1942574,-193.7030577,-61.00646394,-383.3264217,322.3199577,99.25230062,-0.391240719,-20.26184542,2.063594874,-201.1942574,-193.7030577,-61.00646394,-383.3264217,322.3199577,99.25230062,-0.391240719,-20.26184542,2.063594874,-194.1235051,-189.9017036,-58.08656263,-346.0646863,287.9781237,92.0317521,-0.132145249,-19.14679134,1.747851536,-193.2015775,-188.999826,-57.81069903,-344.4211625,286.6104634,91.59467665,-0.132145249,-19.05585976,1.747851536,-193.7836957,-189.5692843,-57.98488323,-345.4589068,287.4740236,91.87065231,-0.132145249,-19.11327526,1.747851536,-194.439988,-190.2113036,-58.18126214,-346.6288814,288.4476193,92.18179303,-0.132145249,-19.17800668,1.747851536,-193.8871916,-189.6705294,-58.01585176,-345.6434093,287.6275575,91.91971852,-0.132145249,-19.12348326,1.747851536,-201.1942574,-193.7030577,-61.00646394,-383.3264217,322.3199577,99.25230062,-0.391240719,-20.26184542,2.063594874
Fam,-201.8966184,-189.5869851,-69.48455432,-330.386283,260.9017286,72.93044378,0.02177593,-20.07404984,2.233502433,-201.8966184,-189.5869851,-69.48455432,-330.386283,260.9017286,72.93044378,0.02177593,-20.07404984,2.233502433,-161.1559798,-162.7397774,-66.15887326,-272.8300044,206.6711311,59.43124783,-0.301040297,-15.94274933,2.317259279,-160.3906209,-161.9668967,-65.8446728,-271.5342853,205.6896125,59.14899807,-0.301040297,-15.86703433,2.317259279,-160.8738794,-162.4549046,-66.04306345,-272.3524208,206.3093574,59.32721459,-0.301040297,-15.91484186,2.317259279,-161.4187152,-163.0050948,-66.2667332,-273.2748038,207.0080706,59.5281396,-0.301040297,-15.96874107,2.317259279,-160.9597988,-162.5416684,-66.07833568,-272.4978786,206.4195429,59.35890002,-0.301040297,-15.92334165,2.317259279,-201.8966184,-189.5869851,-69.48455432,-330.386283,260.9017286,72.93044378,0.02177593,-20.07404984,2.233502433
Unf,85.89734865,91.37405656,234.5319097,-91.09670572,325.6286154,116.7257098,-0.23179277,8.373752154,1.413865526,85.89734865,91.37405656,234.5319097,-91.09670572,325.6286154,116.7257098,-0.23179277,8.373752154,1.413865526,42.34307098,17.60414922,215.0245928,-107.5363178,322.5609106,100.790227,0.378819555,3.839665868,1.988909673,42.14197607,17.52054393,214.0034021,-107.0256083,321.0290104,100.311556,0.378819555,3.8214306,1.988909673,42.26895026,17.5733335,214.6481964,-107.3480775,321.996274,100.6137957,0.378819555,3.832944608,1.988909673,42.41210361,17.63284956,215.375151,-107.7116361,323.0867871,100.954547,0.378819555,3.845925741,1.988909673,42.29152523,17.58271905,214.7628356,-107.4054099,322.1682455,100.6675314,0.378819555,3.834991704,1.988909673,85.89734865,91.37405656,234.5319097,-91.09670572,325.6286154,116.7257098,-0.23179277,8.373752154,1.413865526
Unf,-193.7204124,-190.3646808,-128.0970965,-289.7825499,161.6854533,44.0581371,-0.667215975,-19.27627597,2.9059713,-193.7204124,-190.3646808,-128.0970965,-289.7825499,161.6854533,44.0581371,-0.667215975,-19.27627597,2.9059713,-172.265725,-179.5316923,-50.21970224,-275.9129302,225.693228,53.98539087,0.515571116,-17.26337014,3.349189719,-171.4476039,-178.6790638,-49.98119978,-274.6025698,224.62137,53.72900447,0.515571116,-17.18138327,3.349189719,-171.9641772,-179.2174256,-50.13179363,-275.42995,225.2981564,53.89089049,0.515571116,-17.23315094,3.349189719,-172.5465728,-179.8243859,-50.30157627,-276.3627558,226.0611795,54.07340417,0.515571116,-17.2915149,3.349189719,-172.0560197,-179.3131419,-50.15856798,-275.5770515,225.4184835,53.9196725,0.515571116,-17.24235481,3.349189719,-193.7204124,-190.3646808,-128.0970965,-289.7825499,161.6854533,44.0581371,-0.667215975,-19.27627597,2.9059713
Fam,36.51126936,28.74853915,207.8670496,-130.4533926,338.3204422,94.02727294,0.085900411,3.111160693,2.393162418,36.51126936,28.74853915,207.8670496,-130.4533926,338.3204422,94.02727294,0.085900411,3.111160693,2.393162418,29.73462438,4.394573868,197.918083,-124.2096111,322.1276941,84.69906714,0.398872164,3.34777424,2.847399068,29.59340927,4.373703241,196.9781342,-123.6197172,320.5978514,84.29681594,0.398872164,3.331875055,2.847399068,29.6825745,4.386881252,197.5716313,-123.9921846,321.5638159,84.55080308,0.398872164,3.341914027,2.847399068,29.78310124,4.401738416,198.2407523,-124.4121121,322.6528644,84.83715347,0.398872164,3.353232174,2.847399068,29.69842735,4.389224194,197.6771502,-124.0584062,321.7355564,84.59595991,0.398872164,3.343698874,2.847399068,36.51126936,28.74853915,207.8670496,-130.4533926,338.3204422,94.02727294,0.085900411,3.111160693,2.393162418
Fam,-219.3896945,-205.7296274,-92.59144709,-373.9534514,281.3620043,80.14293125,-0.304427043,-22.0753415,2.117650716,-219.3896945,-205.7296274,-92.59144709,-373.9534514,281.3620043,80.14293125,-0.304427043,-22.0753415,2.117650716,-208.8974343,-215.1518461,-88.8498563,-346.2815317,257.4316754,71.7520313,0.097528928,-20.54503498,1.881131365,-207.9053426,-214.1300511,-88.42789225,-344.636978,256.2090858,71.41126792,0.097528928,-20.44746289,1.881131365,-208.5317635,-214.775227,-88.69432636,-345.6753726,256.9810463,71.62643077,0.097528928,-20.5090713,1.881131365,-209.2380034,-215.5026118,-88.99470973,-346.8460804,257.8513707,71.86900986,0.097528928,-20.5785299,1.881131365,-208.643136,-214.889934,-88.74169616,-345.8599907,257.1182945,71.66468496,0.097528928,-20.52002477,1.881131365,-219.3896945,-205.7296274,-92.59144709,-373.9534514,281.3620043,80.14293125,-0.304427043,-22.0753415,2.117650716
Fam,-233.7281337,-229.5503319,-90.82400475,-368.7915777,277.9675729,76.42470725,0.005844081,-23.92401035,2.379668663,-233.7281337,-229.5503319,-90.82400475,-368.7915777,277.9675729,76.42470725,0.005844081,-23.92401035,2.379668663,-196.7256079,-225.5691784,-34.70545952,-351.1404151,316.4349556,101.838358,0.194421608,-19.38002503,1.636487547,-195.7913224,-224.4979096,-34.54063701,-349.4727857,314.9321487,101.3547092,0.194421608,-19.28798578,1.636487547,-196.3812436,-225.174324,-34.64470829,-350.5257507,315.8810424,101.660092,0.194421608,-19.34610067,1.636487547,-197.046333,-225.9369277,-34.76204042,-351.7128853,316.9508449,102.0043868,0.194421608,-19.41162061,1.636487547,-196.4861267,-225.2945849,-34.66321131,-350.7129592,316.0497479,101.7143865,0.194421608,-19.35643302,1.636487547,-233.7281337,-229.5503319,-90.82400475,-368.7915777,277.9675729,76.42470725,0.005844081,-23.92401035,2.379668663
Unf,-301.0350511,-287.2315913,-222.209285,-460.1086748,237.8993898,53.80072446,-0.969745799,-29.69845763,4.27227115,-301.0350511,-287.2315913,-222.209285,-460.1086748,237.8993898,53.80072446,-0.969745799,-29.69845763,4.27227115,-312.9871738,-318.7042992,-236.0836763,-359.6702688,123.5865925,33.18335776,0.865283402,-31.33107873,3.09250855,-311.5007411,-317.1907148,-234.9624722,-357.9621296,122.9996574,33.02576399,0.865283402,-31.18228176,3.09250855,-312.4392959,-318.1464135,-235.6704164,-359.040673,123.3702566,33.12527094,0.865283402,-31.27623428,3.09250855,-313.4974421,-319.2238882,-236.4685675,-360.2566454,123.7880779,33.23745715,0.865283402,-31.38215832,3.09250855,-312.6061632,-318.3163289,-235.7962831,-359.2324292,123.4361461,33.14296246,0.865283402,-31.29293827,3.09250855,-301.0350511,-287.2315913,-222.209285,-460.1086748,237.8993898,53.80072446,-0.969745799,-29.69845763,4.27227115
