condition,T8_mean,T8_median,T8_max,T8_min,T8_ptp,T8_std,T8_skew,T8_auc,T8_kurtosis,P7_mean,P7_median,P7_max,P7_min,P7_ptp,P7_std,P7_skew,P7_auc,P7_kurtosis,P8_mean,P8_median,P8_max,P8_min,P8_ptp,P8_std,P8_skew,P8_auc,P8_kurtosis,O2_mean,O2_median,O2_max,O2_min,O2_ptp,O2_std,O2_skew,O2_auc,O2_kurtosis,Cz_mean,Cz_median,Cz_max,Cz_min,Cz_ptp,Cz_std,Cz_skew,Cz_auc,Cz_kurtosis
Mov,12.042335736868363,12.591959148267051,26.342668206780218,-2.738052444328787,29.080720651109004,8.036586718409913,-0.1085427734657314,1.2147823397471478,2.2208260062199576,9.882191728995448,10.9750135379727,15.285253539332189,0.5750646892010991,14.71018885013109,4.3572197909809995,-0.5454137904324184,0.9969341126897092,2.0410443725283267,-15.343872160673737,-17.534616745251697,-1.8331511455471627,-24.08691761957016,22.253766474022996,7.081779654021616,0.7097931779749711,-1.5335341472509971,2.0811847123913694,2.53577609153301,3.5214268336858368,11.815478501375765,-11.402239579183515,23.21771808055928,7.515932960717384,-0.5302067131397545,0.24020920522437145,1.9230020256262796,-3.1344474218887908,-3.3473585290266783,2.946123913716292,-9.335865797766019,12.28198971148231,3.828589515876144,-0.11044346798159542,-0.33352141151201165,1.8096323348956591
Mov,16.3165427081297,13.684478290088009,33.162967156386,2.0995078102714615,31.06345934611454,9.232008660433891,0.5086252108338504,1.6199158283985795,2.151850750302753,3.733491595880878,4.027946715723374,11.30328109866241,-3.7670274650736246,15.070308563736035,4.165052683236916,-0.04604674181439538,0.3856831553269537,2.201107377530011,-15.465288671433742,-12.908276403322816,-3.2739583275542827,-40.745311707723886,37.4713533801696,9.24119687861283,-1.0813186098751746,-1.5142943045403914,3.755067583974035,3.139535780204684,3.4471206618036376,14.350915989780333,-10.61374041455565,24.964656404335983,6.280724583809423,-0.25017219461523593,0.3384319484664964,3.069814324640994,-0.5429022061994496,-0.786577288636181,4.667314897233155,-6.096951892686775,10.76426678991993,2.9420381441662693,0.19472476595566518,-0.06005454662113785,2.150185424338947
Mov,-13.43159235252992,-7.837394150556065,0.9220220249517297,-38.69266583933495,39.61468786428668,12.002364459677835,-0.8129971238607167,-1.3299249152319441,2.4789277725047585,-5.358012379894297,-7.643668595846975,10.560500413703267,-18.1323030119529,28.692803425656166,8.50220027928015,0.3248417234102665,-0.559222859785759,1.9768332005845792,3.4745844984102474,4.667578650696669,11.158461347804405,-17.53378273861017,28.692244086414576,6.5922391639433355,-1.7041328697425386,0.3872328587717621,6.331690577905724,31.745519230788396,40.99018588021863,77.48113421257585,-17.246080460608937,94.72721467318479,31.744332510139945,-0.26942368067420097,3.168390331173366,1.4736114720310363,1.2912278420502004,0.5488520287144638,12.753573173540644,-5.093139861855889,17.846713035396533,4.977330081646094,1.0392917848316108,0.14293490891987856,3.3932508499588985
Fam,46.95409944151134,50.347312935628,56.937373301479965,22.308460756903514,34.62891254457645,9.139291254154852,-1.587968974358833,4.7373093304732645,4.826802471627418,-36.27394919301598,-38.30848618235905,-25.30183883209247,-46.31951742339879,21.01767859130632,6.380360932831656,0.29779427096991246,-3.6495165699147676,1.867639242847159,5.844050261425939,4.0690390505915275,24.985696654766798,-4.326793259679107,29.312489914445905,7.319949873670318,1.0345146330572423,0.5381433701277599,3.687419082049342,6.580568333666074,3.7425802474899683,25.16343920433428,-0.36986929785598477,25.533308502190266,7.054434110809314,1.5860137856686964,0.6425238030303999,4.445543441132316,-28.177790087423862,-27.16019571380457,-21.010246200603433,-35.69211548892781,14.681869288324378,5.009938562277891,-0.012162550437863262,-2.8055636689660095,1.494628198277856
Unf,-36.8728395607412,-35.20127575029619,-21.245172320050187,-63.53111530188471,42.28594298183452,11.430022752108291,-0.8344197853364917,-3.7291587925058294,3.100153560352536,17.6059358042179,18.91693227662472,25.62663212302141,6.339396804833086,19.287235318188323,5.162262824611719,-0.6521560886083085,1.7684333659460942,2.570355305115891,-1.7936921188685608,3.3397988090655417,17.483311239629984,-36.76234700833447,54.24565824796446,15.258964064662022,-0.7220347836977458,-0.13456475920091077,2.4162396268246025,47.65581341486653,53.08588697516825,83.0078570288606,-7.946474397613201,90.9543314264738,27.178882618901348,-0.6319062757503041,4.826042467143397,2.2796635315962757,-3.5382750131527874,-1.5574308918075985,1.8934222225652775,-15.789613826200366,17.683036048765643,5.169407457517519,-1.1033194682857002,-0.3222726607860801,3.2500933058143073
Fam,-10.70524355712293,-14.06904175382806,13.298646990733687,-27.201278498978354,40.49992548971204,10.799371223092338,0.7184923447567508,-1.1042688902850941,2.7959684522567088,3.144164995164763,1.9639788035874517,14.589811144105624,-9.885387953545433,24.475199097651057,7.749895541291248,0.004820418683263189,0.3222420288145745,1.747204744989041,-0.7964862743706865,-1.3037204098509392,6.871720870549325,-6.497449248854537,13.369170119403861,3.4442550273051316,0.46754984540754896,-0.06958908155871689,2.805942325353484,6.036963855448308,7.993623285074136,16.317126210196875,-14.455401469604112,30.772527679800987,8.404766725576502,-0.8317596041834265,0.6528493705478338,3.013304852464336,4.75018651367411,5.590236469288357,11.778475709434133,-3.9562642086821143,15.734739918116247,3.870507613982282,-0.15867812087464106,0.48670678890414776,2.469934908435951
Unf,7.513956839434199,5.286256055114791,44.51824861462228,-34.20560824451968,78.72385685914196,21.453038023759532,-0.19843025168636377,0.759232262150437,2.948116093561088,2.509546555383115,0.7759113174188315,13.935539755038917,-7.416584594466258,21.352124349505175,6.518411580439592,0.19843940846017213,0.24341067969546645,1.773498417574222,-8.821965116987066,-18.106979041476734,33.21340773254633,-25.86570735729765,59.07911508984398,17.895749794646637,1.313642419713376,-0.9613193726065682,3.3595704768436603,-33.78982627675843,-30.227924980863463,27.11838169489056,-89.25497968448326,116.37336137937382,39.95214275758085,0.01948302242248642,-3.3781148798775087,1.5616259299430242,10.050233097302907,14.132121123111574,17.500615285825916,0.035447236257368786,17.465168049568547,6.5234755893407055,-0.4169563377498503,1.0133852892169943,1.2927098187335462
Unf,141.67771027692092,133.97420843830332,252.7288452256471,69.70729737076908,183.021547854878,48.10505935625443,0.6403247576435018,14.03347568088341,2.797041791364022,36.15453449758486,35.85597914934624,54.18203727458604,26.373825676273555,27.808211598312482,7.704340289786831,0.9060126443061313,3.60695027930739,3.170461416928063,-39.81056904824352,-46.61053571908269,17.368218323099427,-56.396984291495755,73.76520261459518,18.735056911802253,1.9823188316829308,-4.0614759272722285,6.192844166044104,-160.81225546188833,-154.52029765583575,-52.18572914600372,-310.22774055600166,258.04201140999794,81.30884004794378,-0.19823126567278002,-15.935904012582046,1.5980256686544414,-2.7753864494811227,3.4919457903015427,13.404328456090298,-33.8920799549669,47.2964084110572,14.923949257499203,-0.8154455454363418,-0.24667797584490392,2.246576763145424
Fam,-13.730356525999154,-14.420191746467026,10.034411388915032,-24.32999826851301,34.36440965742804,7.86319686279824,1.4653973554597,-1.4145200702298453,5.703855599077843,23.200209957744498,23.329973373620305,30.268343834904954,15.533873011008836,14.734470823896118,4.270177827458669,-0.04525271394118478,2.3113767941636816,1.9907433092396802,10.448595587101513,13.08759419771377,45.84748967317864,-37.68035094253719,83.52784061571583,26.507425831582037,-0.36083488558596555,1.0938659708207672,1.9173114120609855,-27.4449346831646,-32.370024200645275,21.949890651740134,-56.27529390039854,78.22518455213867,21.154221686860375,0.804365403171596,-2.7803665494480896,2.8114502200579228,5.045880949585178,7.172258165155654,14.02536054229131,-7.913446097518317,21.938806639809627,7.027783755041598,-0.709811071810394,0.5159436446807245,2.1129821351553075
Unf,-10.899255825117612,-7.381603836620343,8.123566658468917,-55.37303877645172,63.49660543492064,16.791817939283735,-1.3922977532067113,-0.9936314383202193,4.422079323869798,-37.982385247932356,-36.09416671679355,-24.5260580413742,-59.129288274561986,34.60323023318779,8.658557720936837,-0.9692659473605479,-3.8201266699862497,3.4659871198262504,-14.379013858974059,-16.295724890369456,9.964326636691112,-29.65082057926338,39.615147215954494,11.845602359961227,0.7229658354230811,-1.4707314383973296,2.532782232617915,93.01621321355924,91.28869351116009,119.70377818215638,71.37978536775336,48.32399281440303,14.268059536216434,0.2965375325761559,9.256464797809565,1.949474823308378,-50.261424313738154,-50.50484287494328,-39.54026396968402,-58.79753007320687,19.257266103522852,5.2416727445755225,0.4378045080446262,-4.995134808978834,2.448442280771049
Fam,-11.519338003678898,-11.55838072008919,0.8749028097554401,-33.549404179211706,34.424306988967146,8.570328809479516,-0.5187250127351289,-1.1244802893874788,2.9694882281404267,7.350108823390455,7.861119684093865,18.897246263804846,-0.6406332886399468,19.537879552444792,4.7468817695865555,0.6027974782968814,0.7019275708775959,3.519298589084707,-18.335860536703528,-19.61369525815826,-5.217921625444433,-26.691397579270415,21.473475953825982,6.530032096994172,0.9441028151196037,-1.8324632387213708,2.761811449673459,14.647158453639209,14.22520108462777,33.91951395315118,-3.2076707157102646,37.127184668861446,11.617736161061023,0.19015794031090338,1.5215596913168767,1.6849822436415898,12.112659253314352,11.635552709776675,16.934427549131215,6.761375516362023,10.173052032769192,2.8741554187862524,0.0813492568168322,1.2148868691327377,2.038881258256099
Fam,13.981445015623159,11.77383637696039,33.712185540935025,-2.16556986742944,35.877755408364465,11.510495799491883,0.2929619664314502,1.403374988991251,1.7632923145850208,14.315650358954512,14.39189236407401,43.584983359323815,-11.272154551988933,54.85713791131275,17.76307438185216,0.34398496132401135,1.406312847110933,1.9854996570710826,-8.04477550367175,-12.183078069938347,60.040307289455086,-44.53566361917183,104.57597090862691,30.12197913086868,0.7318324555964217,-0.8642091033091915,2.7664043573704147,-94.68230914185719,-105.33988461247645,-60.12942685629241,-125.99799083545804,65.86856397916563,23.257787645925152,0.25365639941135887,-9.473996059282634,1.291978652475515,26.47843610667713,27.394085009291302,34.242904803249985,17.58168582455255,16.661218978697434,5.159451369180492,-0.3527486945630394,2.667880132404783,2.057298026593485
Unf,-16.881490357543672,-15.831858036108315,-3.253647719247965,-36.624984204536304,33.37133648528834,8.38128860562387,-0.7913759057244536,-1.7115366111997774,3.4216919428115973,-83.22138959416546,-79.09627311164513,-61.18630699347705,-121.95435556350276,60.76804857002571,15.856189556591113,-1.258445757707751,-8.364936348586067,3.835561986050473,-25.1314646587931,-24.565196326875594,-17.078060409403406,-34.15670289541595,17.07864248601254,5.0613389006609815,-0.26287504572515624,-2.493803592923327,1.7359928871972674,186.9584218813823,173.59931371174753,275.93993581831455,137.5240826746449,138.41585314366966,35.65188788988,1.2350348104290172,18.788446079516614,3.8265545398393486,-52.506513104442725,-52.37291406956501,-42.542094888631254,-61.86361133586615,19.3215164472349,4.636931039025733,0.33844600935684016,-5.220123760326138,3.2209653802965277
Fam,-20.86120144895176,-13.489209777617361,20.29526513069868,-74.6128789614886,94.90814409218729,28.46708209558145,-0.3953962180763321,-2.0377620876931912,1.9454999683319905,-25.030171505372543,-25.929467483365443,-12.54167545994278,-34.11257057450712,21.570895114564337,5.594926684636881,0.3005769782494792,-2.5336989150006892,2.480037285086074,-20.437290948813406,-20.791215320059564,-14.80871742387535,-26.20011036924552,11.391392945370171,2.960161213016796,0.07396945890574702,-2.0389914106456115,2.3741062901418077,117.20290408098103,110.88818428106606,185.83543715067208,39.73109778598882,146.10433936468326,46.24886050829464,-0.018558927514776793,11.691204137996719,1.4695770774751435,-23.460534521291265,-22.05235796282068,-6.562014732480748,-53.09013431542553,46.52811958294478,15.091207799311384,-0.5056622316929685,-2.3099148837940287,1.8233423392221564
Unf,4.041008369225752,3.8409061744459905,14.537330571329221,-5.387751571106492,19.925082142435713,5.13804974431988,0.3306319534423915,0.4098177824577518,2.784003480617156,19.186108943358704,16.224593309743796,36.5700907423161,1.1544311746547464,35.41565956766135,10.837160431924996,0.22193712702392027,1.9234244245311116,1.7651178703706234,-21.94881944188427,-22.45172709081089,-13.278428014018573,-27.48757651716005,14.209148503141478,4.55166316964952,0.4209120873922288,-2.1674723029718734,1.8527477989880248,-23.451035933528775,-21.08426997438073,3.694414999699802,-44.48615072760731,48.18056572730711,13.57378099652606,0.029758719098314103,-2.3524861036996327,2.0634074654758243,15.868958856712057,13.367510746320477,28.3527078863699,1.0386496569481096,27.31405822942179,7.445214508332154,0.3156698924070616,1.585474431031034,2.103003393797648
Unf,-3.4404321358312453,-4.611898475559428,8.181822522601578,-13.527839655580465,21.709662178182043,6.975677924247611,0.250506137977352,-0.37683241847879656,1.8473144855878512,-5.1584225957412855,-3.7219634805296664,1.1798847481259145,-17.655132978688926,18.83501772681484,5.294908863958554,-1.165688254943534,-0.5286427316862381,3.408601508059517,-25.803570679272525,-26.426713702676352,-16.632731785648502,-30.868974135955796,14.236242350307293,4.275676714595284,0.5808178747760432,-2.58706915476967,2.3479563443717657,42.609512722545055,45.30732621788047,56.06237391475588,25.79252395662479,30.26984995813109,9.507567078239521,-0.4443548829483644,4.30491666727077,1.815830529910732,-2.782585000125583,-0.5947674992512475,6.123750608821865,-13.645078070112504,19.76882867893437,5.616846875832821,-0.4233619523916155,-0.27483490394166304,2.2664348440350195
Fam,-3.844985254904014,-4.728495696326718,16.147138012456708,-28.32671452779323,44.473852540249936,12.462175764545469,-0.24197292481335922,-0.3886856702312102,2.562458010585467,-12.036461017627376,-11.003800864273217,-3.372654646227602,-26.111114493687637,22.738459847460035,4.953422468957403,-0.6683466957513147,-1.1610342638112099,4.002271684263252,-9.893405573480917,-10.08766867016675,-1.7142039041573298,-18.04352541512344,16.32932151096611,4.759239082075438,-0.019135528140336054,-0.9865471748884758,1.972701588612227,32.69459214677157,33.783342587412335,43.509353417903185,16.851965483510867,26.657387934392318,7.475883092233666,-0.6007564740896005,3.2664491488659513,2.3551920672662123,-7.211450736668632,-7.434592134814011,0.03735668485660426,-12.623123438970651,12.660480123827256,3.2711112604468866,0.4711461742804385,-0.716361425198299,2.90151167079563
Unf,-0.13404622642645755,0.6855326546428842,8.596782208769582,-10.99512792279711,19.591910131566692,5.840941300295071,-0.2018503950832781,0.002569089723605776,1.9420067088938062,-15.391179711234425,-16.351344129361678,-6.65151719658752,-19.806104319286533,13.154587122699013,3.666864785259176,0.8337378342589565,-1.532660989761348,2.8756080163671953,-25.863920235189234,-28.43017591658281,-10.270186976413243,-32.9219110426493,22.651724066236056,6.415741884278286,1.3836632449492972,-2.6199639892346824,3.9812796365558207,50.65641016699374,52.288487495388836,59.60187627351843,41.08736538910307,18.51451088441536,5.23691921213125,-0.31308950858100454,5.013476932860551,2.0320245862987663,-2.0776929917386813,-1.8171609212913609,9.278055586037226,-17.558963008923456,26.837018594960682,8.780678366653918,-0.42697453527194457,-0.19824131434605413,1.9277720631752358
Fam,-4.146784970105754,-3.9274365235542064,13.189793207857292,-19.406157662160695,32.59595087001799,8.225605647650392,0.13849827028613246,-0.3764782772560308,2.698285158828689,15.444564601588914,14.220999219105579,34.49678479228169,3.036431280634133,31.460353511647554,7.741501843559103,0.9993557206993493,1.5069609885195603,3.872467637849017,-15.112170591289843,-12.000289189018076,-0.5046650244366901,-32.069601729745045,31.564936705308355,9.336283963460513,-0.45047600337933363,-1.4825439633970956,1.9716353630293428,1.723018411981824,-1.9779309354817087,19.272270947112702,-13.531262993637938,32.80353394075064,9.121294957337486,0.27717590450979773,0.1150331806649006,1.969405701589839,2.4307236434249435,1.7507896359347797,9.530723218631465,-3.440465206949739,12.971188425581204,4.013043983420405,0.30223989225077713,0.2564455389502941,1.9451998784874833
Fam,-3.660814465652388,-2.36666835462529,9.513373697700445,-19.390630768612027,28.904004466312472,7.7826393483023395,-0.5118765539915846,-0.3826546612817692,2.370250985603894,-10.748006619547386,-12.899267858301755,0.2660626989836601,-16.46506461838726,16.73112731737092,4.813391103473297,1.024774720605599,-1.0714279201682118,2.9417858476655656,-17.01344241994845,-14.918331544322427,-5.755483471148182,-29.78538213938009,24.02989866823191,7.757151748004562,-0.1869097109104707,-1.6865386266338565,1.4743561333062147,41.545121768229784,38.43500599032268,60.76141289668158,31.42599598504603,29.335416911635548,8.655638758068173,1.217917875805176,4.0987386354068995,3.21359760602191,-9.44513705620081,-9.285166015615687,-3.1906060939945746,-14.604468560719397,11.413862466724822,2.895683097475283,-0.018204278500377445,-0.953336086740638,2.335288926920167
Unf,-6.3611431204872835,-8.426675776718184,7.440392892021919,-14.229620319383685,21.670013211405603,5.991876379937302,0.7996366345231236,-0.6537132340252653,2.80010843017521,-11.575976661613542,-12.258322385605425,-0.4669643658417044,-19.76909152290318,19.302127157061477,5.840463084416156,0.4742175815451615,-1.1664334949610309,2.039663494965298,-23.02746242304028,-23.51505190745229,-16.917329048737884,-28.353728339425288,11.436399290687405,3.6962400331967555,0.18891156868398357,-2.3120882436765293,1.4344774381747962,39.554919217502736,40.466926293447614,47.696394176455215,22.206135326996446,25.49025884945877,5.679589134072489,-1.3007238882080334,3.979534730354632,5.394936167600446,2.4851839579735744,3.9345680988844833,19.148632418364286,-13.213371858000755,32.36200427636504,7.707545453301174,-0.31659995235576477,0.23679461157006337,3.4188984050296356
Fam,14.058533452043775,13.813771147397347,22.9118322749855,5.872904694115277,17.038927580870222,5.576694993739213,0.20359747789947344,1.4184240526845542,1.6155950916777495,-3.9367353405868224,-3.0960155754655716,5.2323975978652015,-16.2169526447542,21.449350242619403,5.221571440159168,-0.7581835218403219,-0.3896004871528503,3.566242560582729,-14.794885303742307,-13.690436844626674,-8.16113424662035,-24.430604753433727,16.269470506813377,4.0077109228711105,-0.869515736267915,-1.489674063289628,3.3808641515459548,1.4964254634063623,0.05905718580834218,17.23813147691544,-16.17517409613356,33.413305573049,9.375828419854136,-0.04549106826753741,0.10693000817864012,2.3940258023404124,7.182300223554159,6.714590881529148,16.153702745214105,-0.30024528996364097,16.453948035177746,4.82718737958333,0.17088392364903132,0.7305333801332471,2.0919711659272173
Fam,6.612290643094918,5.626374786515953,14.695863683300558,0.1412947767676087,14.55456890653295,4.587115919388478,0.19008418743750677,0.6569590008288889,1.6251709650777342,18.762918723671017,19.155537302140146,24.17535324639175,13.375753951549996,10.799599294841755,3.155976465140131,-0.021414862074199716,1.867293011388079,1.9630719808479793,-11.844794830727048,-13.053298516751966,2.987687821587315,-29.602862923638895,32.59055074522621,10.768363529982985,-0.1591524498211948,-1.1763191697900097,1.4615938560183286,-42.167892808300586,-46.91804679168854,-14.55800884286873,-62.472048739437014,47.91403989656828,14.518307096972125,0.535376384152802,-4.226212666369511,1.9136371098032952,11.412959216053983,9.821931598708034,22.844915292807855,3.9880624171928503,18.856852875615004,5.204616370265004,0.9039422610355751,1.1321009726697706,2.8721664157607383
Unf,10.444432665333526,8.319108928844798,24.545000997022726,-1.0291919352312107,25.574192932253936,7.897148981652025,0.4096139754068628,1.0415473716112824,1.8706589888006053,21.833669891818246,20.119859073020052,38.01151251536794,8.178329153452069,29.83318336191587,8.470149736094442,0.2875040028635958,2.156153623290885,2.2407078758937824,-21.53891728085,-20.312289052526467,-9.359119758300949,-32.70221350248903,23.34309374418808,8.810062631604923,-0.01935141728103458,-2.1566237142884437,1.041671213023897,-24.25614219156649,-23.781788513588253,-16.830859749461524,-35.703294997802004,18.87243524834048,5.2620255872895525,-0.7391424378379337,-2.383862217440431,2.942648913763729,20.860976572014177,20.76475266221678,25.117282348219305,16.76115789450705,8.356124453712255,2.09169708173163,0.24781618318557053,2.0782244792641733,2.524652210290376
Unf,-28.308488813658748,-29.613219339807983,-1.6314206732204184,-43.267653381917626,41.63623270869721,10.559073785120015,0.7209756743247754,-2.842913036364774,3.3483901378363563,-25.30471633340662,-23.285174393095076,-15.439523849636316,-34.88906804705039,19.44954419741407,6.473506740891616,-0.2311629378701085,-2.5379911212476,1.6197419276275324,-20.650023998314282,-20.934190615662374,-6.862374902993906,-36.473848012974486,29.61147310998058,8.45472174178708,-0.1903606863200873,-2.060106777729475,2.1577430372221067,103.70053104662264,105.05407772143371,120.67504576407373,79.89707955857739,40.77796620549634,11.624054888459481,-0.3694205628978318,10.377095208806635,2.3199156478400633,-26.300811791420877,-21.264090719341766,-16.70160963840317,-42.61053982190788,25.908930183504708,8.948165506321006,-0.6072462960233963,-2.6266328084066446,1.728833521455056
Fam,-15.32122611864067,-12.89299643758568,-7.698162335145753,-28.804999601561576,21.106837266415823,6.183808014706104,-0.7849443304972112,-1.5454013546006022,2.426607127404091,9.048228518027967,9.65207345871022,16.23078242118936,-2.164668103432632,18.395450524621992,4.131716698949053,-1.0752780237728083,0.9196322576442698,5.006040541767938,-30.756379251565356,-30.82761486439267,-16.840613170643337,-41.1420660384465,24.301452867803164,5.154094685952412,0.14782515009767694,-3.0991554940483472,4.0037061986855385,50.49215346494188,51.845536290784366,59.8255246586632,42.152540117967874,17.672984540695325,5.954348649119061,-0.016658861953949233,5.037986967177873,1.4477132250818365,-8.85667461585189,-10.321119134459877,2.6790316951519344,-20.65233093162533,23.331362626777263,6.164388306633492,0.32918554892136503,-0.8748554760593805,2.522012554109107
Unf,3.266015942069946,2.0991111568946508,15.140680261538364,-14.73207612434635,29.872756385884713,8.62909362750905,-0.45471429474366637,0.33042005496106835,2.380764724032528,-16.273223275712432,-16.217632037296426,0.7926705052341276,-37.452176911756396,38.244847416990524,10.691497858201547,-0.14205282335817282,-1.6111282761385726,2.2531640373686326,-1.230034845670721,-1.634506531900115,7.655142326257192,-7.323335012188181,14.978477338445373,4.312619681702402,0.6712549587966418,-0.10180879343464318,2.5518649154139705,39.66339904064416,32.90314543846762,88.78488733898848,-2.5410763555555604,91.32596369454404,29.564125612532166,0.31034416174819607,3.9419687184191172,1.7363494565389594,-8.842336791317415,-7.889942708061426,0.8735583492125443,-19.801524103968404,20.67508245318095,7.027849109924931,-0.18375039056374964,-0.8757397298840358,1.532320214837899
Fam,-5.678758275105513,-5.5139896630862495,-1.3255661315270117,-10.40930328599643,9.083737154469418,2.5152246407991,0.01592377417588246,-0.5600322978410754,1.8707887329049966,7.473161757933265,8.14770919532748,17.52163552737329,-5.9730518842116,23.49468741158489,5.902336157980633,-0.6742137393310296,0.7265797995875214,3.3561709235653736,-6.022178689809502,-6.438626542148995,2.9098932827764656,-14.099112377152778,17.009005659929244,4.584877648494813,0.178600116180457,-0.6307557705748555,2.43362382610244,6.42891385911508,7.125104502847535,13.06398098677164,-3.505699169181753,16.569680155953392,5.173077740625949,-0.4929354115132877,0.6357922461620364,2.0280721702650855,-2.391552311400766,-2.9270591994645656,4.893382993031992,-8.401066224905662,13.294449217937654,4.192947998359761,0.26682705146677005,-0.21708214481950888,1.738141203197098
Unf,6.965492150657637,4.797006340595544,17.255009879590943,-1.9235496893088566,19.1785595688998,6.691037701991157,0.39121807340807774,0.6958882525696415,1.5377430754729218,-19.885447797535633,-21.88565122196451,-9.900984878186136,-25.357690901728347,15.45670602354221,4.775080672729526,1.170000403559874,-1.999122757416875,3.107658439290314,-10.383562583298884,-10.751037734735291,-1.369276333207381,-16.814050468383357,15.444774135175976,4.732851019605657,0.47654722603542093,-1.047842457533496,2.0750782038294484,44.16683182521061,52.65959589451086,63.75530210789293,9.768787094799336,53.986515013093594,17.702013982725788,-0.7852794413401124,4.436794694423684,2.2084578205123653,-9.070684733650033,-8.28542670205934,1.3185633633838734,-24.240145648946054,25.558709012329928,7.282682424798586,-0.48665446405922796,-0.8724706028344039,2.3986763639769704
Unf,-8.46339375552947,-11.94316928376793,14.321773960546125,-17.205280528287403,31.527054488833528,9.011595084291852,1.3281210593692951,-0.8882690755264858,3.8305646389822385,-7.645480954247082,-13.012222098041093,9.692508683656342,-28.064814614481293,37.757323298137635,12.737738078220742,0.1435312376354427,-0.7365686669745846,1.2815503536687125,-7.71665424263819,-7.907587132649496,-2.109082060997025,-13.59650650556432,11.487424444567296,2.6648290320719,0.17507787921389997,-0.7661286246505359,3.4763197527570635,30.822969983126733,34.3002120644087,75.32654126407579,-12.480738405429292,87.80727966950508,26.83232438009413,-0.15143573717610026,3.067626765466023,1.6566391865502672,-20.982588659115628,-26.996011001756415,6.499214578070678,-35.755245335167274,42.25445991323795,13.41078929660248,0.7392961984119344,-2.1319211207382867,2.3372151599312705
Fam,9.418049007063718,9.142671387962764,25.069688490475528,-3.917653884855099,28.987342375330627,7.2325310096528765,0.3556855182198555,0.9358361748819294,2.958174249638793,2.8459770253273464,4.7426613036805065,8.209488441934809,-10.756458323157858,18.965946765092667,5.536701411729316,-1.2756699251524055,0.2767979906936935,3.6844180965972235,33.68453287704982,27.275940738036297,84.0287611936219,-17.283075067098252,101.31183626072016,34.16690562435992,0.31861242141617807,3.3677797290352376,1.5504932486033574,-58.44831335147879,-63.64257205859758,-32.44763138354756,-73.927833000198,41.48020161665045,12.299395716947535,0.8300061159719688,-5.916087846786518,2.45678104838234,-11.070429182452175,-10.806324098666664,-1.790589976735646,-28.1283264484955,26.337736471759854,6.729225438797177,-0.9893979499227077,-1.0861710395593072,4.082579434372687
Fam,-10.911870722688596,-6.911173386470182,8.667564543429762,-34.386044717393816,43.05360926082358,12.16908288891742,-0.3462250762798286,-1.0663603956186036,2.1536982671150384,13.762689211314584,13.192373899073573,32.23547537345439,-12.89524334424641,45.1307187177008,11.667568608553584,-0.20144259038354423,1.4376962445092512,2.367915939648521,-19.881250444506385,-20.443434550543316,-3.525137344695395,-31.038394809002057,27.513257464306662,9.291663603845905,0.24549192926186564,-1.990902440835394,1.6456459667121528,2.0958847309989674,0.8855672319896257,53.2304729858879,-35.40360921761021,88.63408220349811,25.42114635604941,0.2408403151963384,0.059000082404442114,2.080356300648207,1.604115483367662,0.4869912550997668,13.80559569952311,-9.146279808192048,22.951875507715158,7.100519933218999,0.2419283746015652,0.16100014455044587,1.879803589100758
Unf,-8.459077426218405,-7.187145229181624,-2.064804220935912,-18.36931005527731,16.3045058343414,5.055761648375605,-0.6154016142070938,-0.8530316876769133,2.0155451069158006,-6.237054060639261,-0.331992751512189,6.324364221654832,-29.321088732103817,35.64545295375865,10.337172677397215,-0.8609747295832386,-0.6277355727247432,2.660574612221668,-17.75288861748637,-18.770178940030746,-5.281760422803927,-26.439813154865988,21.15805273206206,5.735055216184729,0.8296635600055238,-1.739017255410628,3.025794483111515,30.154461726921838,36.57010347524192,53.812924306839705,-4.5274177864484955,58.3403420932882,16.996389273561785,-0.5264310880716793,3.047038422026894,2.101689650554613,-10.115536234969532,-9.6259009296773,3.0888211313140346,-23.820479327696376,26.90930045901041,7.564966908588376,-0.23117732059523513,-1.0342747455649668,2.061168435199518
Fam,-8.823298646103257,-9.950432740879478,9.72003999777371,-19.958659322583117,29.678699320356827,8.11784191783332,0.617950027947798,-0.9251419380480833,2.523909603407794,6.693454684873009,9.423411029274575,14.721311345056165,-12.200300261611119,26.921611606667284,7.46816274652639,-0.9908219365217982,0.6904933332677331,2.8691227974686533,-19.54532420383587,-19.650276044558268,-13.256017155072186,-26.006526240962557,12.750509085890371,3.2598959640375558,0.0530627972801792,-1.9372493980370789,2.8573153263678845,20.477409905722126,20.852775378443766,42.56214015185833,0.7472006018360844,41.814939550022245,8.679541572195005,0.2979953809761832,2.034892379171028,4.277063531881368,9.140096083753564,9.47911348703201,19.29441532411147,-2.8814290544687537,22.175844378580223,6.880289328659368,-0.449438247301617,0.9099441466066466,1.970216239989422
Unf,-8.73757335175294,-9.518070783087751,0.40602711237625044,-13.071375178697053,13.477402291073304,3.219659572076951,1.320390174486473,-0.9014497110736345,4.4611322455841576,-68.65139277159379,-70.24795195320621,-49.73630711901933,-75.43977699242532,25.703469873405993,6.041738723869937,1.6554141409286756,-6.899683082240181,5.727591312610686,8.547153767652231,7.294155921044876,16.079144188552164,0.25734937025845284,15.82179481829371,5.264995721653021,-0.017728906505600744,0.8596894491053982,1.3944859414427129,130.346037342231,130.10955444769934,146.45890041720122,91.49535617325455,54.96354424394667,12.58932489226055,-1.0218610093170821,13.087965815074822,5.040874027026227,-50.05464985375651,-52.09680239204317,-32.98954834463075,-64.30131907109171,31.311770726460963,11.990751238849299,0.09355107480673075,-4.992145455703955,1.0439990641444052
Unf,-31.798908226986757,-30.8469689116464,-10.885502888413612,-51.98412691242993,41.09862402401632,11.878266593273823,-0.05013625440144151,-3.2165634514373425,1.9442595422920608,-68.64112947368994,-65.80167973879725,-46.48732647183351,-90.91846732189879,44.431140850065276,12.391364256911341,-0.12835663229556177,-6.825739061364819,2.2156203209816088,-1.6089687809776128,0.38292260740036,5.333383342076559,-13.77190801576944,19.105291357846,6.035165537870699,-0.8214188759897988,-0.14985627875924898,2.078132811252393,158.17472656355955,152.8941502328962,187.37147911451757,110.49990280298516,76.87157631153241,22.346024524726325,-0.17878280120546364,15.803748620344713,1.8603221460858712,-29.6639258207366,-36.77037238958292,-2.855656475730939,-50.974907935597,48.119251459866064,16.802143199860453,0.23483481450168503,-2.97493134764021,1.2436431956986524
Fam,-8.284842822857941,-9.261125796911074,5.591821718553547,-18.878243281506002,24.47006500005955,7.316546563027294,0.4633103050037939,-0.8307920183481209,2.20013473859619,-36.08508240386772,-34.276930819032714,-30.465609597740695,-46.5588818769902,16.093272279249504,4.64543007804362,-0.8052214078452705,-3.5998880312072146,2.5957946842987565,0.7938546329018419,0.052338471334678616,8.954177246778272,-6.952892363187857,15.907069609966129,4.33095052623849,0.21675613430820315,0.07626473480891344,2.315487149341691,59.32867749764297,61.206086684251204,68.79870488774031,42.5619182351511,26.236786652589217,7.773504325298836,-0.6960036554435037,5.954950823531156,2.4154913550183035,-11.001245818183984,-9.834277989284601,-1.2025253681713366,-24.2671012529172,23.064575884745864,7.131287664541899,-0.36707070004862336,-1.0823156471308022,2.079395414836034
Fam,-8.328209188535906,-7.544547088400577,5.454821803141385,-23.601893190061674,29.05671499320306,9.058079051877192,-0.16440832906737915,-0.8133090518296299,1.6736909658675945,-29.556233829890306,-26.642304874258116,-18.221087884739973,-44.53703877516091,26.315950890420936,7.698434009427083,-0.5005732402200784,-2.963866135255068,1.9745173247207113,3.380360082106703,4.988721684640041,16.43816904106643,-10.757815289252903,27.195984330319334,6.419119549349847,-0.4996825605360892,0.311401778612002,3.0951300351118602,41.40451318772438,41.364910430274904,52.61121623334475,32.508083677385,20.103132555959746,6.553175509163364,0.25586800992488146,4.110030022999865,1.7063076223575107,-13.704224032223395,-14.845316854916746,-4.448771960596787,-19.85391281777993,15.405140857183142,4.106207880923021,0.852234258364698,-1.361750071599641,2.9442833528281493
Unf,-6.193188449051727,-9.881292044155998,17.689437299850397,-19.39318644872401,37.082623748574406,10.611339297398027,0.766251077657284,-0.6109186682873501,2.5863031810230126,-25.188020537405883,-25.306585484941024,-18.28448148444295,-30.39972943952307,12.115247955080122,3.5395784918940256,0.413367146265757,-2.515520279132715,2.175995184185835,-9.333071882513021,-9.656995189288864,-2.858436346286908,-17.84114101610612,14.982704669819213,4.092377161421909,-0.14691235600163485,-0.9018582454610076,2.6777267928380617,52.11894502001367,55.64179264183622,77.2725252318196,27.641850465442985,49.630674766376615,14.591494884380497,-0.23886017782340974,5.178118649690664,2.061171690350574,-5.16609738864505,-4.714034503194853,-0.9704853027869831,-12.759606761392206,11.789121458605223,2.68447291308019,-0.7482063769566691,-0.4940040351147149,4.083099605476631
Fam,11.967099707222728,12.663388133660192,22.63223177578766,1.7534425751364324,20.878789200651227,5.55364854912496,0.05005462525739681,1.2051354725730945,2.4157076889150937,-4.267629367842137,-2.63452636772854,10.968949027301278,-19.17499685077928,30.143945878080558,8.89783760125897,-0.16808357688986084,-0.4323593540913819,2.057608200232713,-16.294370582797384,-14.971441942179808,-8.784387318883091,-28.643062250921503,19.85867493203841,5.787238033679709,-0.5696598652354712,-1.64245193264648,2.1207162663977,3.9808829797038925,7.6798004329248215,32.40001751692034,-28.97758713515941,61.377604652079754,20.333026354047504,-0.10026822988887482,0.40554478996581955,1.3289503951558554,2.429153054296106,1.834970817071735,17.665075574768707,-6.555155323439976,24.220230898208683,7.069115074601272,0.7264966345729537,0.25823499525366034,2.7464882298057227
Unf,-7.116001376936345,-8.788838385953568,9.610211236577015,-24.48469058435876,34.094901820935775,7.159685744682347,0.526778371679669,-0.686998011739283,4.2139753887435205,-4.119595644169749,-4.059420916746603,10.498188203200698,-22.387579520000145,32.88576772320084,10.39177670233839,-0.24448632889731337,-0.4313297963508593,1.8610268529839231,-3.437637662255628,-5.028010718888254,34.9128276866395,-19.946106476709247,54.85893416334875,12.272661639776828,1.6612353002673625,-0.418086822907909,6.2449851566704435,-12.925123979375012,-14.033474599273177,22.154745238367468,-44.67708640731871,66.83183164568618,24.503523518174948,0.0854740362392718,-1.283435480276007,1.192578991075118,-2.7005767872896493,-1.4798400798099465,6.0271722759353,-14.169930182106327,20.197102458041627,5.738340385897328,-0.5408130877448127,-0.2929643491518934,2.252080134143913
Fam,-0.10478136293666186,-2.073341704544873,19.73908547370229,-13.669178770214785,33.408264243917074,9.614530039699874,0.4411752310026142,-0.02379381720425863,2.02310397850811,11.016955078538068,11.024321338481968,21.622838175971992,-2.2502370029542362,23.87307517892623,6.120183837781317,0.040143069330153734,1.1220873757628147,2.356523826882813,-14.75729658732934,-14.1625287142233,-5.328866336640203,-23.8590691878926,18.530202851252398,6.073097885885026,-0.11526445862948116,-1.4632602246584643,1.631572367178687,-14.085525505764123,-21.01278460031608,26.018684366135858,-31.91743599018082,57.93612035631668,16.94064132901489,1.236270153409301,-1.4680918898972388,3.208551060418508,0.02440110882581883,-1.9005889839718293,17.91469730960671,-21.09070737787988,39.00540468748659,12.089815671159212,-0.3075706766357998,0.008854318181704651,1.812640614462794
Fam,-31.43263261379686,-20.63162628473947,-0.571580414998607,-65.67859963979572,65.10701922479711,20.9877462280518,-0.534906316706495,-3.1445452970296084,1.698803866684959,-37.39414943573558,-38.23189217655454,-11.705602446454577,-57.76430043624714,46.05869798979256,13.821421051436957,0.2254629024423567,-3.714262428805946,1.8565921175626332,-2.8378042884469323,-3.234103132854216,6.703926828777185,-7.395102329610381,14.099029158387566,3.1064745361918633,1.572126333803785,-0.2994993387602223,6.421217853795735,103.01593535517055,94.01900751981884,162.08623128477484,38.860278436914086,123.22595284786075,43.09099874880456,0.14377841522548956,10.264677996700815,1.4726368870867057,-22.18203504666095,-21.946621927781962,-14.485609426628798,-33.24814679217525,18.76253736554645,6.333134519535656,-0.4489674593120131,-2.236696455798824,1.8028786157337011
Unf,14.497411344704092,14.27609959137044,28.07166674756445,3.400802370379097,24.670864377185353,7.787443747074231,0.14576274617194096,1.4531374204469543,1.670073496894702,-17.70219250829541,-16.832556866575032,-4.010307748103514,-33.68008401594125,29.669776267837733,8.105551338544691,-0.4861956805777363,-1.7259743875606857,2.8865875211439773,-6.080767701195537,2.0460236669350707,20.7319317269139,-29.30652590293903,50.03845762985293,16.50073193477467,-0.13807663578704027,-0.6296357525346128,1.4138857109516798,37.848298339108275,32.11315743101295,64.63733734562993,8.311308192787692,56.32602915284224,19.35535192059018,0.1062704184189834,3.731784192090149,1.4719561335359461,-28.2095824191996,-27.406187655287795,-9.210941243509296,-43.02950037526898,33.818559131759685,9.94654151895676,0.23156405739536176,-2.849588374186013,2.1474259820985653
Fam,-17.97503120516152,-18.040186660073232,12.218355550430715,-51.22534275869839,63.443698309129104,19.930549749511506,-0.09140167235738339,-1.8078824633354467,1.7843923949287903,-50.825083655161926,-50.04642662242986,-38.06718814303167,-61.44933286122978,23.382144718198106,6.342946947320756,0.06620775067168641,-5.071270233785467,2.3687723049775844,-13.356008795339081,-12.9747263599711,-3.4319457427045563,-22.658350644633174,19.226404901928618,4.749624111407918,-0.1314211455840991,-1.3558236107193835,2.617179855514343,135.5512106853824,139.25330858910456,161.0027684364468,87.53810834605247,73.46466009039432,20.8101140616465,-0.8511698544468598,13.600447063475283,2.769438177861664,-46.94226194820098,-39.49397614633199,-29.68248736578971,-75.27892012149096,45.596432755701244,14.715012316996427,-0.5549419072471042,-4.635761580135455,1.7470377614234598
Unf,-6.175156700666689,-7.260831580424565,4.3098048081446905,-16.685335140209645,20.995139948354336,5.541931800248732,0.17014163660926976,-0.6284914568785958,2.250655446713483,-2.5634498765743254,-2.178143972741964,5.187842816667398,-10.869704965443816,16.057547782111214,3.9379094326840307,-0.2370411959757923,-0.2546637548665825,3.253764351097173,4.571992424036335,5.24508322996553,8.735864867048804,-1.0031234296548064,9.73898829670361,3.281653772322434,-0.30430783784995863,0.45910417139861875,1.587377791105238,17.614709445996805,20.873012545052916,26.795574740390293,2.5459573862463003,24.249617354143993,7.410102378105392,-0.4587700380924059,1.785163927268448,1.724189528698412,0.2716618309451545,0.6145800810486435,7.141128662624396,-14.234565242077224,21.37569390470162,5.100954319154251,-0.9458740961429933,0.0442549809105072,4.0607347107924525
Unf,-11.838547729544539,-11.482522040751064,-4.65597531729145,-20.804436644539237,16.148461327247787,4.156861463189523,-0.35847145928537505,-1.1811812002119277,2.6340980136668226,-6.1918367595563515,-8.840395821607672,4.048167738801567,-12.873274499725085,16.92144223852665,5.536516899372686,0.6600485539248487,-0.6244020761437151,1.776537219724469,-1.810853001361378,-0.631704779152642,8.130363312375266,-14.16243685525842,22.292800167633686,6.831053493217358,-0.33533348260496026,-0.2033181383147989,1.9261956039631454,37.57985240764146,33.26870501041412,56.78538582287729,22.764048480894417,34.02133734198287,11.669869949599585,0.6339300861890472,3.7225223908412355,1.8615112343612374,-7.788783260746886,-9.649846560932929,4.138335043535335,-16.272588254651055,20.41092329818639,6.424573200031214,0.38532580905881564,-0.7732785384943448,1.6853988507313933
Fam,-26.30362260228699,-23.132010028348304,-5.971354312350741,-62.086481193546206,56.115126881195465,14.163636434419738,-0.8537878174640147,-2.5809868545992907,3.5535346598539155,-33.384393715935474,-32.12999763491098,-25.52916885179002,-44.92471271078102,19.395543858991005,5.13227496894496,-0.5915660727357177,-3.2975956609410484,2.5044558185859067,-3.0909129128312647,-3.485654929136217,12.864577911386732,-13.755326108366717,26.61990401975345,6.856509512036375,0.6191067260678097,-0.2940761864107186,3.2477450642811068,108.55391435772897,100.02385533880442,184.12116332910955,77.91188545525074,106.20927787385881,32.1694823945948,1.0069954568337547,10.709371351088727,2.9287184730104387,-28.12332936977887,-31.173515708360355,-14.801573342992924,-42.471318010939285,27.66974466794636,9.77514063009139,0.10167880445881886,-2.7965569066995033,1.3164635184098639
Fam,-12.128058958620176,-4.668219844461419,6.801861218264094,-77.59026630083099,84.39212751909508,23.592099628513356,-1.9315097496995,-1.080144547963157,5.691245447799467,31.921251320454758,31.194060284178704,57.12640268029645,15.701993106631562,41.42440957366489,10.626306052173643,0.8286608448391872,3.187308412957083,3.3781945574888534,-11.23896051233522,-8.618222182121826,-0.028295836784764106,-28.57334038708359,28.545044550298826,8.704998601972878,-0.6756545404848873,-1.1072197418676555,2.285441146279733,-20.49623087976635,-21.824500436196104,37.913636333541945,-53.32136424840428,91.23500058194622,19.12057263428913,0.787415671969437,-2.1381380899884497,5.030480342699738,18.89701091456048,18.58051746239653,23.832251827116124,12.971081559953745,10.861170267162379,2.818955494894564,-0.2167950902369548,1.8897444243771042,2.4006824376010107
Fam,-71.6558314217344,-73.64099656115286,-36.507459299173206,-98.17934187594801,61.671882576774806,19.696910995821195,0.40297307202407323,-7.1917499274811325,1.9318030346441932,-75.58638585928398,-76.61349445697851,-50.16549039282836,-96.84087126515806,46.6753808723297,12.97741513889595,0.336102800720319,-7.548715328889067,2.138096963280511,-6.075788267987893,-3.262957989136339,11.32554461946711,-30.716455512447283,42.04200013191439,12.025598846139323,-0.8015467212121095,-0.6037875496294003,2.657914801346845,186.06741874604128,192.0220529427752,204.61870008148253,154.0947414468974,50.52395863458514,15.578167906076644,-0.6209666040231432,18.588847749026126,2.0378895598624247,-35.5593033068894,-34.56459489825647,-26.429772333358414,-48.413854528917,21.984082195558585,6.434232571942337,-0.5044982345455387,-3.5389927373568257,2.217022540264699
Unf,-39.07699563289778,-38.94530709658284,-17.240212400793098,-63.09739546850324,45.85718306771014,12.026277930916473,-0.3290844647977623,-3.9337141879876443,2.5401954047173323,-42.873564150515726,-42.90584911359474,-33.797870855778456,-49.391128413844854,15.593257558066398,3.8894833298949325,0.6399696653835216,-4.256048716154354,3.3349409634193963,-14.889275829633474,-14.784995528316358,-5.560979843721725,-23.14114863111172,17.580168787389994,4.9708760550419,-0.015500366531035483,-1.4619962589260314,2.324492847272243,136.70927896433008,133.1523890257813,168.48364612087607,102.34776709694415,66.13587902393192,17.39603930147986,0.10617236516840059,13.665320081320923,2.438989120420893,-30.465184408967616,-30.798375519225374,-15.164620890573133,-41.35753260925412,26.19291171868099,7.398141366093486,0.5678745712335784,-3.0149156597883078,2.665901734421367
Fam,-33.096691682798195,-33.72121318534482,-14.063646631257143,-54.439111409010366,40.37546477775322,9.495558841239758,-0.1940686290765634,-3.250670578928833,3.8039843158460007,-43.55217405505895,-39.57410626753699,-4.244968749844702,-83.47252878593281,79.22756003608811,20.46404551815963,-0.18179844842846404,-4.336644528540414,2.541852510858455,-16.88856374270332,-17.14447353151627,-3.57028829967021,-27.778578441939317,24.208290142269107,7.571213000014676,-0.02693845109309557,-1.657352800338053,1.9540051940095067,106.25176079114541,84.9016141728498,213.38602527976036,51.07284232508391,162.31318295467645,47.78246012114407,1.0262368736972396,10.479347995089077,2.9319007642550408,-43.70648139229161,-43.99820318212733,-13.319049685378559,-77.675016655121,64.35596696974244,18.552652258686646,-0.005868130364905117,-4.40947081213279,2.4578002776471397
Unf,-38.31012789025688,-33.340647860313766,-11.901382094947621,-70.8016668795608,58.90028478461318,16.16707529367794,-0.5835024740595637,-3.803632671949899,2.5072706923532193,-48.72461116834669,-52.1542206115555,-28.628377549466677,-62.99156666500494,34.36318911553826,11.01065462588348,0.5403561595051197,-4.879777986798398,1.8167795193176888,8.497958368444905,8.200509000744205,22.01120696554426,-16.17213274585083,38.18333971139509,8.652368403764122,-1.0168632834297118,0.9026765877774507,5.123170408437244,144.7877744235134,145.49627667292953,187.82766710501164,106.86022142181173,80.96744568319991,20.190807971424487,0.4488117012624094,14.410909126485803,3.0398356469816017,-56.578345790442725,-55.362863349728286,-49.4614323542919,-64.64368925662711,15.182256902335212,4.403944294713359,-0.37540039913888273,-5.651039226582196,1.978957140428634
Fam,-8.67002975068177,-14.208615084498888,20.32334487012122,-22.580257791560143,42.90360266168136,13.1803763708859,0.966166552851304,-0.8797024078325397,2.7891760866734696,4.4273639071471615,4.768628514284501,11.469199307612143,-1.6245090819211327,13.093708389533276,3.940879248941986,0.10269849599342068,0.45983542131006083,2.0941552589190806,-19.321401693489932,-21.048525923106354,4.940975486533716,-36.2848695658613,41.225845052395016,9.820608323344103,0.6369796421436623,-1.9566992642717107,3.667061280886175,40.17271777019442,34.52952660154551,62.63203249545768,17.03165253275074,45.60037996270694,13.540931908256983,0.16941930564763072,4.0035842052513395,1.9408888858622764,-15.52197202797218,-16.24490050744498,-10.03193756332621,-20.054341803188436,10.022404239862226,2.717627521138643,0.4501876699169217,-1.5494364745961549,2.4852651804526076
Fam,-13.554875050221408,-26.575629817671143,44.00304896989837,-49.24047607346438,93.24352504336275,30.72860172731146,0.7170682553103618,-1.436107091844987,1.8970648740566098,47.11658392317566,56.13460598397069,69.81465412536636,14.049058336240705,55.765595789125655,18.301199038890452,-0.6138164546337438,4.8216721802328175,1.795669740224426,-35.707836034886824,-38.90910193149466,-15.946345229167491,-46.04639616445638,30.10005093528889,8.799390084772702,1.3897024779287395,-3.5869479652464507,3.6250501684387415,-40.35788739341884,-38.9695524063427,-25.498553441138938,-60.67827416700311,35.17972072586417,7.8529006104050625,-1.0339093045491399,-4.046995539635149,4.3603684227584685,28.62743615248921,28.66781233024085,48.48190656048246,14.37119317415636,34.1107133863261,10.044237932081092,0.35803789441963685,2.8630310990263252,2.078411738426674
Unf,-13.645614007355807,-12.969941963092424,-10.24003722704947,-19.45611984410789,9.216082617058419,2.983540660290135,-0.6996811724600193,-1.3513044108100054,2.110073348981229,-24.15427549679477,-22.10229376942152,-13.351474990486167,-34.87037974991836,21.51890475943219,6.339985625605405,-0.3780173053515103,-2.4122367056160408,1.867090816214656,-11.719535345596691,-11.043748600059189,-8.952706593845505,-15.674411770305596,6.721705176460091,2.117045883458479,-0.6393247051214094,-1.1706316849107594,2.128566777580179,73.27584521240519,70.92666783137247,95.1081674429588,54.82054257299751,40.28762486996129,10.878791898271627,0.6788372003319642,7.3089387908576064,2.5776581682367947,-15.3230255506287,-18.25445178837981,1.411155835739919,-26.63898339960724,28.05013923534716,9.590796797651588,0.5967888446544247,-1.5509235836986819,1.7514920787094643
Unf,-17.757388045188584,-17.659842342254706,-6.9713505581603386,-27.767517167376354,20.796166609216016,5.468555727633396,0.11709267365057927,-1.7838282858347845,2.2970783311498595,-45.288522065115664,-42.59650995663833,-30.361519748112187,-67.20797682646662,36.84645707835443,10.945682767646892,-0.7490599145641793,-4.507927751619428,2.5107078663963076,-28.846017043039094,-28.568530979100615,-20.211871742503718,-38.18238837993704,17.97051663743332,5.0687121664970265,-0.06734803611297197,-2.880456781985778,2.2327171003713415,141.2293747237597,141.01068518357351,156.36035823263228,128.74459207523614,27.615766157396138,7.989292542325557,0.31909506224144696,14.090601746057832,2.3353033341095175,-40.39164825651544,-41.96466215944383,-30.585546483052894,-51.75472688279115,21.169180399738252,7.475347173228861,-0.08574930435946007,-4.0313495711267615,1.3630007817917889
Unf,-21.42173805343471,-20.92694467137335,-13.232707715360448,-31.473031413042918,18.24032369768247,5.651345016384987,-0.40186492416818237,-2.14913281698714,1.9990591403241593,-42.94783516692965,-43.424284740467556,-33.66594683029689,-51.92377284402028,18.25782601372339,4.6722118503664625,0.19528891845054525,-4.277752107797761,2.7811086798559326,-13.644368576793708,-12.242937827977585,-4.32670776717714,-25.032664780155756,20.705957012978615,5.790228924789411,-0.6607301660162808,-1.3548760825616333,2.6545189785485723,139.22725814224506,141.43611042527482,150.43458552099764,106.37215746100992,44.062428059987724,9.633257514208534,-1.90847267366323,13.931842930837576,7.530392046436561,-39.08222543731636,-39.32917388738133,-25.855300918919966,-50.09783853893168,24.242537620011717,8.869739102402429,0.20867906378960188,-3.8963119720620845,1.3335604951235662
Fam,2.8146086153723306,-2.605413328637951,25.226760044461116,-26.293793780496344,51.52055382495746,13.008723452863562,0.10485077536767096,0.320280939519193,2.5587946926370524,-5.031948914025774,-0.5047633919730288,6.687780114589259,-27.808111553895287,34.495891668484546,10.976297106410648,-0.7664765436106012,-0.47250257892417263,2.118861988185145,-43.48708839293417,-46.90627247327939,-6.634596502408385,-78.7894387030974,72.15484220068902,22.792453781220544,0.1958193198635788,-4.374015728341377,1.8733343638897129,71.80002341136479,67.93594366172329,126.20734923984855,21.81706986448262,104.39027937536594,30.093094636447603,-0.14044605295741688,7.127299900765,1.8990216912252362,-4.806657815291915,-5.914155053687864,9.564273568685167,-16.633512132102624,26.19778570078779,8.475825926228808,0.29095359468877624,-0.4360529667527919,1.8383649044883228
Unf,-12.72173840159387,-12.417627658578567,5.479522769746836,-24.11119385214988,29.590716621896718,8.274116512427858,0.5433624651847762,-1.2575856280057764,2.7505867228998637,-34.92799181368757,-35.662727896124125,-0.23591745446083223,-66.7287822579965,66.49286480353567,18.052320382180937,-0.10350950467692123,-3.5343553379839507,2.266685891588394,3.607655039799668,1.6369742183997005,11.148437806696165,-1.2714194781437982,12.419857284839964,4.296088081621855,0.6357098526181874,0.3548594770982761,1.7159015449173503,75.39907600263317,83.8673186080996,143.55826715473086,4.495894245337695,139.06237290939316,44.04791169573472,-0.13547802982161286,7.609340660434621,1.6239370377256408,-44.11836128453545,-43.50460403657053,-28.256863515707664,-67.97752575948834,39.72066224378068,10.983073582085563,-0.6928824849977122,-4.4184158483345755,2.8589805564609057
Fam,-23.27216961580584,-19.927621906390414,-5.976104603178101,-54.49193486128934,48.51583025811124,13.050252888337557,-1.1544198858435306,-2.342654704670533,3.563836358549965,-52.127204841011775,-49.73126124241389,-32.81618046457879,-83.7293773656711,50.913196901092306,12.247745537760693,-1.2042725251910924,-5.223859080430714,4.210902782117462,-9.139750163128086,-8.797748250799486,1.6182564195332816,-21.774612832814455,23.392869252347737,5.794325300200518,-0.29200973484592585,-0.9182623518582945,3.074002140313121,143.83885718416423,136.52985217049718,222.14275668375194,94.79192522121593,127.35083146253601,35.05751122242921,0.9884291455190254,14.478441985139431,3.1180442011788565,-55.467858076623926,-52.01671956456266,-40.435577830066904,-94.89230433246121,54.456726502394304,13.663526891836105,-1.6252115635336308,-5.459095471639713,5.469469149317222
Unf,-4.491105718019439,-4.454697773326188,10.494215530343354,-20.888437575194985,31.38265310553834,8.49377676282144,-0.19300173489400316,-0.4296782330946288,2.168137349637456,-50.39887582825031,-49.2070412292378,-35.8216893801,-64.29570930777118,28.47401992767118,8.319608060512383,-0.2025857620562546,-5.05112315788058,1.7820635706938563,0.3779283127131477,0.4379945011123709,8.708927452971693,-8.027682270039804,16.736609723011497,4.556035973039602,-0.097822774389642,0.03400054356874928,2.1992238500939187,109.32519972601978,107.66014020191506,142.4879301339388,82.976977864746,59.510952269192785,13.488072762265142,0.7366499413977021,10.930067886027,3.883726728695278,-42.586191179557666,-49.68646135239396,-18.362638002145104,-58.20979276904836,39.84715476690326,14.070354676250357,0.9494176915615347,-4.257457360390581,2.1074649179156593
Unf,-19.123795762145445,-19.07208024931606,-7.0900205173529685,-33.95402745809406,26.864006940741092,7.411485221890323,-0.16562296710011304,-1.875042326571429,2.162637296682534,-48.51988747899528,-47.89893682755064,-35.91055792639963,-58.62171383341774,22.71115590701811,5.954950852143903,0.19024944460060833,-4.87858148310723,2.4374653252967606,4.503598504995282,2.883882416426786,18.31222471082583,-6.623098670388572,24.935323381214403,7.432498359919321,0.4078162317793529,0.4552758480439664,2.0749693986017377,131.197158994977,127.49721645377576,165.56405171286315,111.72341328347102,53.84063842939213,15.610283235955356,0.7403427737026783,13.108806940518225,2.69724209504547,-43.5833200684171,-46.43792999559082,-14.696114703838248,-59.169295127503574,44.473180423665326,12.838529757953426,0.9809510556503386,-4.367464609016628,3.1980760985281513
Fam,-7.638245847374492,-14.89539727117517,27.546617275220342,-53.2196499989368,80.76626727415714,24.109466104698654,-0.12957079515242717,-0.7124810691671173,1.8521625207209085,-32.89625192337553,-32.457801353302784,-3.9507913243141957,-53.802305046701804,49.85151372238761,13.801980389627564,0.6666888314792614,-3.3343619833543476,2.860478537681045,-9.888502656980773,-10.718707471824018,0.6344251914924826,-18.82778997241985,19.462215163912333,6.262041860479613,0.14489851635173298,-0.9819750629280843,1.5598543353059267,88.12333712390122,96.0328288783785,113.19897748762742,66.18539919145405,47.013578296173364,16.293630995175793,-0.05942603770295492,8.789560321831624,1.3085578287184467,-34.908685497961976,-31.582650990458205,-20.69280162686482,-60.70767267374322,40.0148710468784,11.032984300074578,-1.2023934326235415,-3.4484142757951286,3.7222657968154476
Fam,2.8297468635657834,1.0505624459256069,15.255614925990812,-7.099982212821487,22.3555971388123,5.947323234189788,0.6846648449390764,0.26207050003684995,2.822793909470893,16.62354025728956,16.54596326261526,20.44597022177186,12.933929610881023,7.5120406108908355,2.072820961841975,0.10462129855052897,1.6544286625438223,2.08467193260294,-12.619034315810914,-12.906546089652693,-4.530423666437855,-21.584000933216885,17.05357726677903,4.242321714703979,-0.11300157080939077,-1.2549315675620252,2.710840066309479,-19.017102693816504,-19.207383957109414,-8.366750080313068,-31.574611057294533,23.207860976981465,6.643054693743576,-0.06709611279181633,-1.8617420825913393,2.1607920407509558,13.36413820004404,14.646266663476126,18.29044776968658,7.35848971089581,10.93195805879077,3.246832915755027,-0.20776179200949285,1.3360494290010314,1.5746549494991522
Unf,-31.93932326002351,-29.153964533179533,-9.831338502408471,-58.73303598491475,48.90169748250628,13.480365552498066,-0.3370312584588342,-3.207263569174213,2.535075779389256,-43.227157850476665,-48.41805639443919,-22.25968273705803,-66.59539940301329,44.33571666595526,14.779745576547858,0.10753799444965102,-4.31390494976445,1.3759306521476276,-12.955119621857683,-13.629487057187362,-1.4123195342108374,-19.919536498491652,18.507216964280815,4.975445696997052,0.6579650020047777,-1.3030211900524546,2.5665909379309944,144.88656177910832,164.4736621528864,192.07980949431658,72.53672083606943,119.54308865824714,45.1310305595541,-0.345229607419287,14.483805322501087,1.2965015500727584,-28.931336426187325,-26.824088308785576,-9.319762284576427,-65.28560334118083,55.965841056604404,12.725812296487248,-1.106567207907804,-2.8482552361274576,4.707095788412116
Fam,41.618187004552546,47.188410462695174,59.52432911726646,16.54037259868346,42.983956518583,13.622115838246035,-0.41794561400356334,4.164504845895891,1.710218137512138,-3.2885574791171517,-1.511815298727015,4.650446498999372,-17.413714886060916,22.064161385060288,6.0121918263138845,-0.6534060161975,-0.28892122867160375,2.4588092372971744,-18.481844663780905,-20.440786101971753,34.822896850528196,-53.5764338565059,88.3993307070341,25.713235019148293,0.4704108281254728,-1.9009189650006082,2.1071561463020916,-29.127127325304734,-28.526031201181468,19.43094866874162,-70.312584284693,89.74353295343462,22.741321617793826,0.08819984909286163,-3.06091908396592,2.5400561136630104,-16.7592180122693,-17.072786249627825,-12.932819117850158,-20.44460052275099,7.51178140490083,2.2136357514339413,-0.05165326635417308,-1.6637463143767428,1.8785501430064429
Unf,5.3001748297604605,3.9712369925837265,19.723238438018598,-12.938256986672059,32.661495424690656,9.885230298014864,-0.08499415847023335,0.482570923403695,1.8379431831022772,-8.733933982741659,-8.037997304199962,2.7824059998238226,-18.20975921873469,20.99216521855851,5.031725393581046,-0.004051521958237315,-0.903518831873962,3.1582099058583295,10.192001521038318,10.151537480851403,50.9309429617133,-13.935477909399197,64.8664208711125,20.618462288792056,0.3847854048629962,0.9820490319555346,1.776912550406975,-30.850349783297414,-21.834447579749394,-8.570571480959188,-79.80193913681433,71.23136765585514,22.18018161450421,-1.1543180933610524,-2.9880237603046194,2.960493349780625,1.1811192297710267,-0.6711150035698665,13.998707800055854,-17.482609109720215,31.48131690977607,10.205208311831264,-0.13440884503257475,0.14252317527845226,1.4451057558636067
Unf,22.85093235671481,20.78242141578812,50.529095460660756,1.1869666423081071,49.34212881835265,12.056444618338006,0.648583211662784,2.256438239938975,3.182245563464875,28.432538643895757,26.37616762513062,58.12625749967992,7.0403343670477625,51.08592313263216,13.029259327272566,0.3465607208610417,2.77695516164371,2.6135692608471888,-22.4221201873521,-24.885812308639288,-5.3148673941905145,-35.30469257384539,29.989825179654872,9.82826234909576,0.3608057862344956,-2.2067014274271566,1.5973702956122204,16.70387348822872,-21.73801840399392,132.17763626016676,-53.677300456911325,185.8549367170781,62.12622975567382,0.7177348066282591,1.5739065449893186,1.9635652630529863,5.115110000658135,3.3787134725571377,11.121423085569404,-4.005415576102678,15.126838661672082,4.143790096182453,-0.07550675588749803,0.525105218752925,2.1075343177147126
Fam,30.25750169609427,29.78101747430628,45.06259938352741,5.545267868001247,39.517331515526166,9.55112167457417,-0.3705836267552465,3.060679803519202,2.9260780165593085,-7.347012047358266,-6.649656370427692,10.205653779848944,-22.628566512139514,32.83422029198846,9.768042932596106,0.19018597234318324,-0.7225887378558672,1.9295907229907434,-16.141696995383917,-15.851844182179775,-7.285702849912923,-27.6989539997885,20.413251149875578,4.765416598645049,-0.22694991717972846,-1.6009894135055378,3.2813619484037644,20.011989350293263,19.57781660166802,66.28833943977952,-6.857556854811264,73.14589629459078,19.60309374759379,0.5175950725209735,1.921061365704143,2.4068990214037065,-22.202279349305453,-22.822419850854203,-15.483532479265705,-29.591927159344777,14.108394680079073,4.106970753882643,-0.0564033488324856,-2.195283223299051,2.0863344718928203
Unf,-9.474900202678127,-9.279419373342535,9.230181603925303,-28.488637326518074,37.718818930443376,11.603158587596404,0.06397054978314326,-1.0113164050189054,1.7734451014350376,-17.131701952166623,-16.013629647204652,-5.758947281719884,-31.21690679108724,25.457959509367356,7.752900308821461,-0.2359465257759199,-1.685098876591783,1.7432555861003913,-25.269344335426396,-26.10175306472229,-14.45963789592497,-33.85688251000829,19.39724461408332,5.502687331380301,0.21585843978762154,-2.5028828430046106,2.1349595479593373,76.77829671592917,75.20700091845356,89.90203059511259,60.0835592194926,29.818471375619993,6.9921568263674665,-0.008834090912285635,7.682072370166081,2.8611636501241566,-26.10324204747135,-27.742309612222016,-11.858366633532569,-35.10186797939241,23.24350134585984,6.823619172768739,0.5433599792124274,-2.648139796299773,2.1510249711076335
Fam,-5.989967025225969,-8.40897564557963,13.406380276137497,-14.773570001125336,28.179950277262833,7.070400605510215,1.023762802259385,-0.6266627742407869,3.599597273157533,-31.761858666029113,-31.31188714178279,-21.307660063030198,-44.18293610797264,22.87527604494244,6.5785181393630925,-0.18448281894733254,-3.1840234485397345,1.95307306990302,-32.528964416437354,-34.528953619883396,-22.875483409734443,-39.58870001952164,16.713216609787196,5.147273321682099,0.6903131987551374,-3.2467763364014486,2.1420226056084735,89.62755083093026,92.63122774427757,105.00643838895485,50.882474170066416,54.12396421888843,12.93555770624432,-1.566689483214103,9.009028915724015,5.355520056093784,-13.077711103575824,-10.242337793897605,-3.8646703615086153,-30.629642424173653,26.764972062665038,8.212941672771269,-1.0144284009616031,-1.2925000289733108,2.8663372332953365
Unf,-3.0068484525495127,-3.996630312030902,10.182614460063633,-8.93885862751631,19.121473087579943,4.846925512513282,1.449337994829372,-0.2826933319535685,4.689354323547648,-36.29704937898518,-38.910668081371114,-19.073828298132867,-51.25801180838607,32.184183510253206,10.074303539360649,0.2307083774307082,-3.610028610876678,1.6516931439382454,-19.368145890789144,-20.49097111012088,-5.079299171484308,-25.487106540822424,20.407807369338116,4.707782907079165,1.815315478182938,-1.9576493306806104,6.412215785804641,89.74034622392188,89.80675556813367,126.21098721865565,70.43189543765038,55.77909178100526,15.442458051808313,0.48698914143925653,8.89480313535713,2.56465353759714,-24.911100109210775,-22.190201889316086,-16.807021893328056,-42.2841367253568,25.477114832028747,7.409735416479327,-1.0482594788729054,-2.4483381158385176,3.022689185968696
Fam,-7.959625485490016,-11.115503184555564,10.232322892989032,-21.220963390078396,31.453286283067428,9.576216940494943,0.6828030111936192,-0.8152377648843233,2.1730747821576766,-52.70218172462102,-59.47163481323514,-15.336630895035341,-75.56589844170958,60.22926754667424,17.7207494810091,0.4700336846365618,-5.299759087425497,1.8678457041823524,-19.543943171111795,-19.903747670468874,-15.028304005682003,-25.94958641566336,10.921282409981359,3.2460040323629697,-0.25606003841217,-1.9543321543886598,2.041786109405845,122.32135794385194,138.87506065657362,170.2923036646098,41.67344741290435,128.61885625170544,40.80239297469243,-0.6573189098262324,12.32372238859627,1.9620063614616607,-46.75610356431347,-46.27479211194441,-30.81646718783304,-64.5374966552481,33.721029467415065,9.251487117586624,-0.23382253227159183,-4.6589426723896965,2.156228130508622
Fam,-17.79589252656968,-17.89355246728519,-3.6181552331981948,-30.819439416518435,27.20128418332024,7.048015711247146,-0.09306934227797056,-1.755893010224563,2.4941847330983515,-14.796900534118041,-14.568313872587169,-2.480926923453808,-27.473670343169942,24.992743419716135,6.788728802083774,-0.3568509817434221,-1.4629934437733432,2.8124619272747293,-32.93111974646588,-35.469638532958925,-18.94645538413897,-41.654941014712676,22.708485630573705,6.63896722909165,0.6325038537521376,-3.2975496789180783,2.210451738128886,81.99504232974365,79.25428508315235,111.9482985814102,61.91387365106493,50.03442493034527,14.140136729200185,0.9243872435937788,8.135275746903481,3.2154620443711353,-15.507192861500348,-16.077626241894905,-7.0466185206896625,-30.991835956228897,23.945217435539234,5.6468060772508215,-0.6884518464305062,-1.511922629972279,3.8205439111506365
Unf,-8.499751354170607,-7.511159537898493,12.82929315493675,-36.1153252015356,48.94461835647235,11.53160537865845,-0.7030450323109381,-0.898718465476528,3.8153194149819543,-11.729615137640463,-12.883365343441255,1.1341264780639904,-29.442051527439617,30.576178005503607,9.082916279535477,-0.34609520358159246,-1.17315305628274,2.1704258470617557,-9.149511365299427,-9.074342870007968,-2.9287912184372544,-15.751622413517907,12.822831195080653,3.448060756883301,-0.06252010181622704,-0.9122993605888766,2.131346188522917,49.720469737971705,50.824910431401804,55.09061520569958,39.36253415304236,15.728081052657217,4.310767173927642,-0.9999617813929759,4.949187701908905,3.4142954995648362,-8.131325953487389,-9.108123776968569,4.200102011964191,-26.769201213028282,30.969303224992473,10.036193387758518,-0.4427997074556945,-0.8086351011476305,1.8880278896390341
Unf,-19.636002909679135,-22.225419343158137,13.749545360042248,-53.08929394232109,66.83883930236334,19.81528873912229,-0.008578888976782228,-1.9556422364960877,1.7113336624968856,-0.9944833961456495,-2.080820422634133,16.83088339632377,-10.377880244050175,27.208763640373945,7.846910283180997,0.735270647789056,-0.08681116510903604,2.604554471070011,-30.02044667692434,-30.579543818021193,-8.469203748973086,-46.02948683896102,37.560283089987934,10.746654854210092,0.451024904569403,-2.9410662625967783,2.0713491183035373,72.64509695932458,76.10114698763937,112.15145059395581,14.810998436587397,97.34045215736842,30.913195353835736,-0.3704892043870592,7.274895761001682,1.691413812713435,-16.327535324587817,-18.06300952011952,-2.9988061669428134,-27.57432230282575,24.575516135882935,7.593116611741396,0.3235038703728021,-1.628688465984398,1.9532405390802794
Fam,-25.747548184321765,-24.80229886714369,-3.9303408811974805,-46.071447286522016,42.141106405324535,12.64010749049239,0.056441426597104855,-2.567471548639467,1.8594914768602055,-56.01722240009202,-53.06324965204112,-42.550276702968404,-87.19605102669448,44.64577432372607,12.125372988929845,-1.278895676444182,-5.516504313573204,4.2549521989005035,-10.871757493847467,-8.556481589039322,-3.1776576179254334,-28.845190172432922,25.66753255450749,6.767954122651195,-1.2342083800142543,-1.0432136920474973,3.854324132919852,176.4049154119745,166.16122593404725,305.53367105312645,118.29486902570352,187.23880202742293,51.501335669546336,1.4216629420974698,17.428739166023597,4.194444684775054,-48.100789242128556,-49.12852273264434,-16.473280993523076,-81.21415885398164,64.74087786045857,20.56580348182701,0.1371297892438988,-4.780716233335081,1.9069306299811348
Unf,-4.2716674696608745,-4.784591283168993,1.9511919617798412,-12.286654964555055,14.237846926334896,3.9054354258752735,-0.19384366791609056,-0.41881808835362705,2.3886249176031042,1.6284060111961305,-0.32179624653849714,14.168447705742437,-7.275338703038869,21.443786408781307,6.390990280978452,0.6037645384165515,0.1770120926401349,2.2550819915293943,-15.98385339736279,-21.622015083266888,0.34215204891552276,-26.776962840813212,27.119114889728735,9.57509039845756,0.4897834634619583,-1.6076230392976383,1.4027570363156092,30.63959299582236,27.179999960935675,50.39207462687045,21.19542295986321,29.196651667007245,8.181323599238834,1.1080020399475203,3.0300350489817927,3.4450879474767055,-12.73036589457031,-15.670546417823061,0.46729803671041736,-24.304550606757402,24.77184864346782,7.847747414213078,0.24831026915204718,-1.262878992251156,1.6173238952867233
Unf,-1.3569638453575932,-2.1442382944769633,29.439053832902573,-20.37161902990192,49.810672862804495,12.62809270303154,0.569924596828929,-0.1617395253513866,3.4568930146024295,9.83857209418532,8.996073120215442,16.117097402457148,1.846192731136398,14.27090467132075,4.1441139545779135,-0.020128937802290574,0.9879703151023838,1.702200485827712,-31.827337247355338,-33.110201911767945,-19.254399376222864,-38.602367567364126,19.347968191141263,5.245534491712027,0.944979064367865,-3.1764006473305377,3.2605994590938163,17.54031124461947,16.941015928750858,36.804198316531256,1.3425791394183761,35.46161917711288,12.373160724019806,0.17493211574742837,1.759936375233464,1.4689165317960085,4.984474886581525,5.082371899334248,10.352589015383273,0.9128917781708878,9.439697237212386,2.7711589287873792,0.36206520907785167,0.501171787544378,1.8786884506639236
Fam,18.926129366893573,18.04633666324662,32.106814614962786,5.517428689927328,26.589385925035458,8.305192794472331,0.08161807558457007,1.8965349600292543,1.8329718346970725,-26.021770246678408,-28.03098595904885,-7.902096513134893,-33.59692345838994,25.694826945255045,6.138753860311608,1.3699433181066396,-2.615143308590284,4.658309751458059,-36.932582098905606,-37.74704964598641,-29.237609851406887,-40.798451664159074,11.560841812752187,3.4485456825581253,0.9290555886679576,-3.696827165352503,2.771404982026962,51.271609873555676,56.63336560246535,72.56503158714622,21.933758034720086,50.63127355242614,16.51579158524175,-0.5240352668775226,5.106089176761777,1.7391249901050747,-21.224931095695446,-20.80557624140056,-11.724515388777945,-34.84374610707164,23.119230718293693,5.4351538683760285,-0.45503251986089166,-2.091953124236677,3.170692321583101
Fam,10.714868457520984,9.308381322625792,33.957523555727676,-1.5310195067286259,35.4885430624563,8.206765484986542,0.7447284794470169,1.004975495360563,3.905834648466684,-9.408975594956596,-2.9483505272764887,18.034863387583755,-52.73209171718918,70.76695510477293,21.669946318532052,-0.7209412722836829,-0.8885748266799649,2.342649547028555,-8.415350090073249,-6.455568382079946,1.895097966553294,-19.009359675692394,20.90445764224569,7.431140425344105,-0.07538161112066613,-0.8441679522278884,1.3259235878532063,26.037473109961585,28.666727303061634,78.02950858604163,-47.946185077307746,125.97569366334938,33.152733626033175,-0.41367294532043125,2.6371818291021283,2.5727511900943947,-35.9698692591337,-38.78270035784226,-11.03932208934566,-60.04359238431789,49.00427029497223,15.95928261772775,0.0403899730487389,-3.6181097956038255,1.6047918163563177
